Network,Gene,Delta_D,Degree,Betweenness,Is_Essential
egfr_signaling.json,EGF,-0.6158418136051296,1,0.0,0
egfr_signaling.json,EGFR,0.8249858370043199,3,0.1111111111111111,1
egfr_signaling.json,GRB2,3.519984049206606,2,0.05555555555555555,1
egfr_signaling.json,SOS,2.0468734034209106,3,0.19444444444444442,1
egfr_signaling.json,Ras,4.821682781252349,2,0.125,0
egfr_signaling.json,Raf,2.589117412701796,3,0.2777777777777778,0
egfr_signaling.json,MEK,1.1511363496275209,2,0.20833333333333331,0
egfr_signaling.json,ERK,-2.304088267795919,2,0.1388888888888889,0
egfr_signaling.json,PI3K,-2.659894426265126,2,0.1111111111111111,0
egfr_signaling.json,AKT,-3.248946713603466,2,0.15277777777777776,0
p53_mdm2.json,DNA_Damage,11.491853096329674,1,0.0,0
p53_mdm2.json,ATM,11.491853096329674,4,0.41666666666666663,0
p53_mdm2.json,p53,11.491853096329674,4,0.3333333333333333,0
p53_mdm2.json,Mdm2,11.491853096329674,3,0.0,0
p53_mdm2.json,Wip1,11.491853096329674,2,0.16666666666666666,0
ginsim_2009-budding-yeast-full-cell-cycle_coupled_budding_yeast_CC.json,PP2ACdc55,-1.525199654382675,4,0.06270609318996416,0
ginsim_2009-budding-yeast-full-cell-cycle_coupled_budding_yeast_CC.json,ORI,-1.2774279286758485,6,0.025215053763440864,0
ginsim_2009-budding-yeast-full-cell-cycle_coupled_budding_yeast_CC.json,Mpk1,-1.515778931417401,2,0.015053763440860214,0
ginsim_2009-budding-yeast-full-cell-cycle_coupled_budding_yeast_CC.json,Net1,-0.979241508956818,13,0.2648745519713262,0
ginsim_2009-budding-yeast-full-cell-cycle_coupled_budding_yeast_CC.json,Tem1,-2.5351458139970475,2,0.03010752688172043,0
ginsim_2009-budding-yeast-full-cell-cycle_coupled_budding_yeast_CC.json,Cln3,-1.893033875632284,6,0.003383838383838384,0
ginsim_2009-budding-yeast-full-cell-cycle_coupled_budding_yeast_CC.json,MBF_SBF,-1.7219354705854926,11,0.05770609318996417,0
ginsim_2009-budding-yeast-full-cell-cycle_coupled_budding_yeast_CC.json,MASS,-1.9768863547212447,7,0.08154121863799282,0
ginsim_2009-budding-yeast-full-cell-cycle_coupled_budding_yeast_CC.json,Cln2,-1.279675058344509,7,0.012590187590187592,0
ginsim_2009-budding-yeast-full-cell-cycle_coupled_budding_yeast_CC.json,Hsl1,-3.1144044367072183,2,0.015053763440860214,0
ginsim_2009-budding-yeast-full-cell-cycle_coupled_budding_yeast_CC.json,Mad2,-4.456108170268294,3,0.024014336917562728,0
ginsim_2009-budding-yeast-full-cell-cycle_coupled_budding_yeast_CC.json,Mih1,-1.1496907500606142,5,0.044389051808406646,0
ginsim_2009-budding-yeast-full-cell-cycle_coupled_budding_yeast_CC.json,SPN,2.690629745721992,7,0.026218637992831542,0
ginsim_2009-budding-yeast-full-cell-cycle_coupled_budding_yeast_CC.json,Sic1,12.609985267596954,25,0.20604687427268073,0
ginsim_2009-budding-yeast-full-cell-cycle_coupled_budding_yeast_CC.json,Cdc20,-1.980657600977537,8,0.07012218963831866,0
ginsim_2009-budding-yeast-full-cell-cycle_coupled_budding_yeast_CC.json,Cdc15,-4.077737047613567,6,0.0,0
ginsim_2009-budding-yeast-full-cell-cycle_coupled_budding_yeast_CC.json,Clb5,2.7624430353156413,9,0.035905599776567494,0
ginsim_2009-budding-yeast-full-cell-cycle_coupled_budding_yeast_CC.json,SeparaseEsp1,-5.466243273579721,1,0.0,0
ginsim_2009-budding-yeast-full-cell-cycle_coupled_budding_yeast_CC.json,Cdc14,1.3274337957224418,6,0.0,0
ginsim_2009-budding-yeast-full-cell-cycle_coupled_budding_yeast_CC.json,Bck2,-1.0423884244756323,4,0.0016650374714890844,0
ginsim_2009-budding-yeast-full-cell-cycle_coupled_budding_yeast_CC.json,BUD,-1.6907119922233278,7,0.06559139784946237,0
ginsim_2009-budding-yeast-full-cell-cycle_coupled_budding_yeast_CC.json,Lte1,-2.0600210842476088,5,0.03225806451612903,0
ginsim_2009-budding-yeast-full-cell-cycle_coupled_budding_yeast_CC.json,Cdc6,3.8162881547864913,24,0.1522834334124657,0
ginsim_2009-budding-yeast-full-cell-cycle_coupled_budding_yeast_CC.json,Bub2-Bfa1,-5.437822340141025,5,0.06326164874551972,0
ginsim_2009-budding-yeast-full-cell-cycle_coupled_budding_yeast_CC.json,Cdc5Polo,-1.3969376681752692,5,0.008799283154121864,0
ginsim_2009-budding-yeast-full-cell-cycle_coupled_budding_yeast_CC.json,Mcm1,-0.8404246801528927,7,0.006054089279895732,0
ginsim_2009-budding-yeast-full-cell-cycle_coupled_budding_yeast_CC.json,SecurinPds1,-2.977166828142799,5,0.032598566308243725,0
ginsim_2009-budding-yeast-full-cell-cycle_coupled_budding_yeast_CC.json,Swe1,-1.6792786695389452,6,0.04847553879811945,0
ginsim_2009-budding-yeast-full-cell-cycle_coupled_budding_yeast_CC.json,Cdh1,1.4771192711648666,11,0.04780803425964716,0
ginsim_2009-budding-yeast-full-cell-cycle_coupled_budding_yeast_CC.json,Swi5,2.4275798782491336,8,0.0018817204301075268,0
ginsim_2009-budding-yeast-full-cell-cycle_coupled_budding_yeast_CC.json,CYTOKINESIS,1.1466164433409176,7,0.1074731182795699,0
ginsim_2009-budding-yeast-full-cell-cycle_coupled_budding_yeast_CC.json,Clb2,2.2751447731540395,22,0.2644481683191361,0
ginsim_2006-mammal-cell-cycle_boolean_cell_cycle.json,CycA,-2.8216538663629933,11,0.3125,0
ginsim_2006-mammal-cell-cycle_boolean_cell_cycle.json,CycD,-6.399236836718558,2,0.0,0
ginsim_2006-mammal-cell-cycle_boolean_cell_cycle.json,Cdc20,-2.947184748446851,6,0.002777777777777778,0
ginsim_2006-mammal-cell-cycle_boolean_cell_cycle.json,CycE,-3.816714816551446,6,0.020833333333333332,1
ginsim_2006-mammal-cell-cycle_boolean_cell_cycle.json,E2F,-4.49793785879065,6,0.012037037037037037,0
ginsim_2006-mammal-cell-cycle_boolean_cell_cycle.json,CycB,-4.523580803851964,8,0.041666666666666664,0
ginsim_2006-mammal-cell-cycle_boolean_cell_cycle.json,Rb,0.6970173798389538,8,0.07453703703703704,0
ginsim_2006-mammal-cell-cycle_boolean_cell_cycle.json,UbcH10,-5.383550352072994,5,0.002777777777777778,0
ginsim_2006-mammal-cell-cycle_boolean_cell_cycle.json,cdh1,-3.6651887259346267,8,0.2296296296296296,0
ginsim_2006-mammal-cell-cycle_boolean_cell_cycle.json,p27,-0.5463008803520424,8,0.12268518518518516,0
lac_operon.json,lacI,18.646779058335955,4,0.1,0
lac_operon.json,lacZ,17.581459100122956,2,0.0,0
lac_operon.json,lacY,17.581459100122956,2,0.0,0
lac_operon.json,lacA,15.099784407813821,1,0.0,0
lac_operon.json,CRP,24.573715596146233,3,0.06666666666666667,0
lac_operon.json,glucose,17.529928799482875,1,0.0,0
lac_operon.json,lactose,17.222040157864818,1,0.0,0
ginsim_default_TCRsig40.json,ZAP70,2.523813093939623,7,0.1680161943319838,1
ginsim_default_TCRsig40.json,PLCg_b,0.1406350833465666,2,0.009446693657219972,0
ginsim_default_TCRsig40.json,LAT,1.8054255214311752,4,0.08097165991902834,0
ginsim_default_TCRsig40.json,Fyn,6.043129660750736,5,0.002361673414304993,0
ginsim_default_TCRsig40.json,Rsk,-5.435115646785135,2,0.033738191632928474,0
ginsim_default_TCRsig40.json,PAGCsk,0.898646051368587,3,0.008097165991902834,0
ginsim_default_TCRsig40.json,TCRbind,4.545729031632419,5,0.033738191632928474,0
ginsim_default_TCRsig40.json,CD8,-1.3601228099710312,1,0.0,0
ginsim_default_TCRsig40.json,JNK,-2.0842528048485605,2,0.02631578947368421,0
ginsim_default_TCRsig40.json,DAG,-2.992288140432109,3,0.1349527665317139,0
ginsim_default_TCRsig40.json,LCK,0.8513809182237537,7,0.07456140350877193,1
ginsim_default_TCRsig40.json,CRE,0.2815561953306087,1,0.0,0
ginsim_default_TCRsig40.json,IKK,0.4091422452622311,2,0.02564102564102564,0
ginsim_default_TCRsig40.json,MEK,-1.0653800400051239,2,0.08097165991902834,0
ginsim_default_TCRsig40.json,Raf,0.1782966375435251,2,0.09176788124156544,0
ginsim_default_TCRsig40.json,cCbl,-0.29827683139417616,3,0.010796221322537112,0
ginsim_default_TCRsig40.json,Fos,0.055213425315230324,2,0.004723346828609986,0
ginsim_default_TCRsig40.json,NFAT,-0.8378667025573208,1,0.0,0
ginsim_default_TCRsig40.json,PLCg_a,1.181542875457552,7,0.17746288798920376,0
ginsim_default_TCRsig40.json,Rlk,-0.5417257187752966,2,0.020242914979757085,0
ginsim_default_TCRsig40.json,Jun,-0.34717195518527433,2,0.013495276653171389,0
ginsim_default_TCRsig40.json,ERK,0.27130548503062357,3,0.06882591093117409,0
ginsim_default_TCRsig40.json,SEK,-0.8410886209703676,2,0.03778677462887989,0
ginsim_default_TCRsig40.json,Calcin,-0.20005658391316672,2,0.01282051282051282,0
ginsim_default_TCRsig40.json,CREB,0.11551040498639509,2,0.017543859649122806,0
ginsim_default_TCRsig40.json,TCRlig,-0.8770386085700181,1,0.0,0
ginsim_default_TCRsig40.json,PKCth,0.6486565910203552,4,0.08434547908232118,0
ginsim_default_TCRsig40.json,Ras,0.9029183281352857,3,0.10121457489878542,0
ginsim_default_TCRsig40.json,AP1,0.06109407464268202,2,0.0,0
ginsim_default_TCRsig40.json,IP3,0.07046825327472561,2,0.03441295546558704,0
ginsim_default_TCRsig40.json,RasGRP1,0.31932660329361795,3,0.043184885290148446,0
ginsim_default_TCRsig40.json,Grb2Sos,0.1870490828748359,2,0.06005398110661268,0
ginsim_default_TCRsig40.json,Slp76,-0.5962137574642554,3,0.016869095816464237,0
ginsim_default_TCRsig40.json,CD45,-0.7451917519634748,2,0.0,0
ginsim_default_TCRsig40.json,Ca,-0.5343346870231187,2,0.024291497975708502,0
ginsim_default_TCRsig40.json,NFkB,-0.5552783934329,1,0.0,0
ginsim_default_TCRsig40.json,TCRphos,1.2176282086181516,4,0.06342780026990553,0
ginsim_default_TCRsig40.json,Gads,0.9389222962226995,2,0.008097165991902834,0
ginsim_default_TCRsig40.json,Itk,0.5752298511942797,3,0.0,0
ginsim_default_TCRsig40.json,IkB,0.09982834847383515,2,0.013495276653171389,0
ginsim_default_SP_1cell.json,Wg,4.620764964288014,5,0.23076923076923075,0
ginsim_default_SP_1cell.json,Fz,4.102570933108893,3,0.3076923076923077,0
ginsim_default_SP_1cell.json,Dsh,11.79004100957826,6,0.3076923076923077,0
ginsim_default_SP_1cell.json,Slp,5.317549089576914,4,0.00641025641025641,0
ginsim_default_SP_1cell.json,Nkd,5.317549089576914,4,0.00641025641025641,0
ginsim_default_SP_1cell.json,En,20.456256188302206,9,0.1858974358974359,0
ginsim_default_SP_1cell.json,Hh,-0.7754357817747319,2,0.0,0
ginsim_default_SP_1cell.json,Ci1,3.374634976718241,3,0.038461538461538464,0
ginsim_default_SP_1cell.json,Ciact,4.435338669329383,5,0.22435897435897434,0
ginsim_default_SP_1cell.json,Cirep,3.1605764649169714,4,0.04487179487179487,0
ginsim_default_SP_1cell.json,Pka,2.313196094122816,3,0.14102564102564102,0
ginsim_default_SP_1cell.json,Ptc,3.284037795096424,4,0.14102564102564102,0
ginsim_default_SP_1cell.json,Wg_ext,-1.0107705399670408,1,0.0,0
ginsim_default_SP_1cell.json,Hh_ext,0.24272296208636135,1,0.0,0
pyboolnet_tournier_apoptosis.json,# Tournier,28.474656229433663,0,0.0,0
pyboolnet_tournier_apoptosis.json,TNF,30.601717810307164,6,0.0,0
pyboolnet_tournier_apoptosis.json,A20a,26.460056469104046,3,0.022727272727272728,0
pyboolnet_tournier_apoptosis.json,C3a,29.482580305698804,6,0.3106060606060606,0
pyboolnet_tournier_apoptosis.json,C8a,26.117066758688864,4,0.20075757575757577,0
pyboolnet_tournier_apoptosis.json,CARP,27.060453381633636,5,0.045454545454545456,0
pyboolnet_tournier_apoptosis.json,FLIP,20.611532358070036,2,0.06818181818181818,0
pyboolnet_tournier_apoptosis.json,IAP,26.725517612332382,4,0.04166666666666667,0
pyboolnet_tournier_apoptosis.json,IKKa,29.57838408185303,4,0.3181818181818182,0
pyboolnet_tournier_apoptosis.json,IkB,25.67468108186239,5,0.36363636363636365,0
pyboolnet_tournier_apoptosis.json,NFkB,25.64324121779738,3,0.022727272727272728,0
pyboolnet_tournier_apoptosis.json,NFkBnuc,26.171786856592178,7,0.3068181818181818,0
pyboolnet_tournier_apoptosis.json,T2,24.096521174252956,3,0.07196969696969698,0
ginsim_default_MAPK_large_19june2013.json,PDK1,1.139828545692879,3,0.07242332830568125,0
ginsim_default_MAPK_large_19june2013.json,FRS2,1.1612541884363594,4,0.02185951303598362,0
ginsim_default_MAPK_large_19june2013.json,PI3K,2.0417127344406794,5,0.07883358471593767,0
ginsim_default_MAPK_large_19june2013.json,ELK1,4.167282640723684,4,0.008320764203117144,0
ginsim_default_MAPK_large_19june2013.json,FOXO3,-1.3380908594906629,3,0.003908999497234791,0
ginsim_default_MAPK_large_19june2013.json,Growth_Arrest,-2.501594934399975,1,0.0,0
ginsim_default_MAPK_large_19june2013.json,FGFR3,1.441883205520071,5,0.02175806219923867,0
ginsim_default_MAPK_large_19june2013.json,MSK,2.821073681591159,4,0.10450423759247289,0
ginsim_default_MAPK_large_19june2013.json,MDM2,1.4418549070987723,4,0.07547762694821519,0
ginsim_default_MAPK_large_19june2013.json,JNK,5.05024086927564,9,0.0547008547008547,0
ginsim_default_MAPK_large_19june2013.json,TGFBR,-3.7190662363820053,4,0.017345399698340876,0
ginsim_default_MAPK_large_19june2013.json,AP1,-1.9351392172977313,4,0.09458270487682252,0
ginsim_default_MAPK_large_19june2013.json,SOS,-2.323454448089535,4,0.09722132442720677,0
ginsim_default_MAPK_large_19june2013.json,FGFR3_stimulus,-1.9443035933338848,1,0.0,0
ginsim_default_MAPK_large_19june2013.json,p38,7.642294104153919,11,0.22018871651224595,0
ginsim_default_MAPK_large_19june2013.json,MAX,-0.8243581645960063,2,0.007416684622566975,0
ginsim_default_MAPK_large_19june2013.json,ERK,3.956720170662294,9,0.2959751849457732,0
ginsim_default_MAPK_large_19june2013.json,EGFR_stimulus,0.2966444145305047,1,0.0,0
ginsim_default_MAPK_large_19june2013.json,Apoptosis,0.7468872872414636,4,0.0,0
ginsim_default_MAPK_large_19june2013.json,Proliferation,1.1712217243852052,3,0.0,0
ginsim_default_MAPK_large_19june2013.json,BCL2,0.7573852900279974,3,0.0019482151835093014,0
ginsim_default_MAPK_large_19june2013.json,GADD45,-0.622696612794158,3,0.06636500754147813,0
ginsim_default_MAPK_large_19june2013.json,p21,1.394714055233493,4,0.02095902463549523,0
ginsim_default_MAPK_large_19june2013.json,DNA_damage,0.04452894974970434,1,0.0,0
ginsim_default_MAPK_large_19june2013.json,SPRY,0.35073776665591083,3,0.08672699849170437,0
ginsim_default_MAPK_large_19june2013.json,RSK,0.44703710899946714,3,0.06850175967823027,0
ginsim_default_MAPK_large_19june2013.json,p53,1.4643896658083548,8,0.15255243122890183,0
ginsim_default_MAPK_large_19june2013.json,PLCG,0.3925540086610795,4,0.08290418731595203,0
ginsim_default_MAPK_large_19june2013.json,MEK1_2,0.6475764081946664,5,0.2967293327587445,0
ginsim_default_MAPK_large_19june2013.json,TGFBR_stimulus,0.344985459777746,1,0.0,0
ginsim_default_MAPK_large_19june2013.json,JUN,0.8119566297109344,2,0.010243841126194067,0
ginsim_default_MAPK_large_19june2013.json,EGFR,0.4037276887946888,6,0.08038587229763701,0
ginsim_default_MAPK_large_19june2013.json,CREB,-2.3427824579295304,4,0.0713298139768728,0
ginsim_default_MAPK_large_19june2013.json,MAP3K1_3,2.9053285873209376,4,0.08772893772893772,0
ginsim_default_MAPK_large_19june2013.json,TAK1,-0.013593250310847793,3,0.020613373554550025,0
ginsim_default_MAPK_large_19june2013.json,RAF,-1.209825082694394,5,0.09179594914889033,0
ginsim_default_MAPK_large_19june2013.json,p14,0.8737937718173328,2,0.046119729943259365,0
ginsim_default_MAPK_large_19june2013.json,DUSP1,1.7104156050870216,3,0.04606586224233283,0
ginsim_default_MAPK_large_19june2013.json,ATM,-0.112962441726566,3,0.016968325791855206,0
ginsim_default_MAPK_large_19june2013.json,GAB1,0.4133855722439961,3,0.010305788982259572,0
ginsim_default_MAPK_large_19june2013.json,FOS,1.0298004794819917,5,0.038775766716943195,0
ginsim_default_MAPK_large_19june2013.json,AKT,1.7040634691558978,8,0.12653343388637506,0
ginsim_default_MAPK_large_19june2013.json,MYC,-0.5641881741091339,5,0.05108453637865403,0
ginsim_default_MAPK_large_19june2013.json,GRB2,-0.11579423773075348,8,0.06271816418875242,0
ginsim_default_MAPK_large_19june2013.json,p70,-0.24531686951821996,3,0.009521116138763198,0
ginsim_default_MAPK_large_19june2013.json,PPP2CA,-0.6814962024634639,2,0.06202865761689291,0
ginsim_default_MAPK_large_19june2013.json,PKC,1.4019454159414835,4,0.007189542483660131,0
ginsim_default_MAPK_large_19june2013.json,MTK1,-0.37644969877219125,3,0.06561085972850679,0
ginsim_default_MAPK_large_19june2013.json,RAS,1.2877252933412677,5,0.11926668103138693,0
ginsim_default_MAPK_large_19june2013.json,ATF2,1.1473093110445092,3,0.013888888888888888,0
ginsim_default_MAPK_large_19june2013.json,TAOK,1.0173957212700344,3,0.023629964806435397,0
ginsim_default_MAPK_large_19june2013.json,PTEN,0.44666316511762716,2,0.049962292609351436,0
ginsim_default_MAPK_large_19june2013.json,SMAD,0.5692465771275153,2,0.0015082956259426848,0
ginsim_2015-mammal-tumor-invasion-migration_SuppMat_Model_Master_Model.json,ECMicroenv,0.2520532283214152,2,0.0,0
ginsim_2015-mammal-tumor-invasion-migration_SuppMat_Model_Master_Model.json,DNAdamage,0.14040111863226912,3,0.0,0
ginsim_2015-mammal-tumor-invasion-migration_SuppMat_Model_Master_Model.json,Metastasis,-0.0706399690399735,1,0.0,0
ginsim_2015-mammal-tumor-invasion-migration_SuppMat_Model_Master_Model.json,Migration,0.8004071185965813,9,0.02903225806451613,0
ginsim_2015-mammal-tumor-invasion-migration_SuppMat_Model_Master_Model.json,Invasion,-0.34218307721261,4,0.0029390681003584225,0
ginsim_2015-mammal-tumor-invasion-migration_SuppMat_Model_Master_Model.json,EMT,-0.45276475619232315,3,0.0015053763440860215,0
ginsim_2015-mammal-tumor-invasion-migration_SuppMat_Model_Master_Model.json,Apoptosis,0.9507864505207237,8,0.0,0
ginsim_2015-mammal-tumor-invasion-migration_SuppMat_Model_Master_Model.json,CellCycleArrest,0.3361169248939859,6,0.0,0
ginsim_2015-mammal-tumor-invasion-migration_SuppMat_Model_Master_Model.json,GF,-0.6280443256154058,5,0.0024564772145417306,0
ginsim_2015-mammal-tumor-invasion-migration_SuppMat_Model_Master_Model.json,TGFbeta,-0.16188647971807768,6,0.012016982420208227,0
ginsim_2015-mammal-tumor-invasion-migration_SuppMat_Model_Master_Model.json,p21,0.7755673348062544,9,0.004361355490387749,0
ginsim_2015-mammal-tumor-invasion-migration_SuppMat_Model_Master_Model.json,CDH1,0.5053167329503481,10,0.05170296075419415,1
ginsim_2015-mammal-tumor-invasion-migration_SuppMat_Model_Master_Model.json,CDH2,-0.25778843001768337,8,0.007916854914008615,0
ginsim_2015-mammal-tumor-invasion-migration_SuppMat_Model_Master_Model.json,VIM,-0.39851620569584156,3,0.002508960573476702,1
ginsim_2015-mammal-tumor-invasion-migration_SuppMat_Model_Master_Model.json,TWIST1,2.5088146718292705,10,0.030247859000230918,0
ginsim_2015-mammal-tumor-invasion-migration_SuppMat_Model_Master_Model.json,SNAI1,5.456382856746814,13,0.025545606968756875,1
ginsim_2015-mammal-tumor-invasion-migration_SuppMat_Model_Master_Model.json,SNAI2,2.1289758059087376,11,0.014246634137525978,0
ginsim_2015-mammal-tumor-invasion-migration_SuppMat_Model_Master_Model.json,ZEB1,3.6630417683675773,11,0.016640193385923936,0
ginsim_2015-mammal-tumor-invasion-migration_SuppMat_Model_Master_Model.json,ZEB2,0.8765947991795429,13,0.021903107609938733,0
ginsim_2015-mammal-tumor-invasion-migration_SuppMat_Model_Master_Model.json,AKT1,5.333275832179993,18,0.06621324613260098,0
ginsim_2015-mammal-tumor-invasion-migration_SuppMat_Model_Master_Model.json,DKK1,-6.314354475667159,3,0.0006630824372759857,0
ginsim_2015-mammal-tumor-invasion-migration_SuppMat_Model_Master_Model.json,CTNNB1,10.210250570242067,18,0.1226800215035509,0
ginsim_2015-mammal-tumor-invasion-migration_SuppMat_Model_Master_Model.json,NICD,14.23823722095662,19,0.07184588726334457,0
ginsim_2015-mammal-tumor-invasion-migration_SuppMat_Model_Master_Model.json,p63,-3.181467320515935,13,0.022814163136743785,0
ginsim_2015-mammal-tumor-invasion-migration_SuppMat_Model_Master_Model.json,p53,17.051935150411282,21,0.06247866530124594,0
ginsim_2015-mammal-tumor-invasion-migration_SuppMat_Model_Master_Model.json,p73,-4.39465501420932,11,0.01017036726714146,0
ginsim_2015-mammal-tumor-invasion-migration_SuppMat_Model_Master_Model.json,miR200,7.283943420946343,17,0.056989655751515336,0
ginsim_2015-mammal-tumor-invasion-migration_SuppMat_Model_Master_Model.json,miR203,-3.0896048355167522,11,0.014995771850610561,0
ginsim_2015-mammal-tumor-invasion-migration_SuppMat_Model_Master_Model.json,miR34,6.7793869435363945,16,0.031767224974056096,0
ginsim_2015-mammal-tumor-invasion-migration_SuppMat_Model_Master_Model.json,AKT2,2.8705312900002298,16,0.05400798898901367,0
ginsim_2015-mammal-tumor-invasion-migration_SuppMat_Model_Master_Model.json,ERK,0.7649948139013816,8,0.006379928315412187,0
ginsim_2015-mammal-tumor-invasion-migration_SuppMat_Model_Master_Model.json,SMAD,0.6865127933962469,6,0.010809011776753712,0
ginsim_2018-mammal-tcr-tlr5_RodriguezJorge_TLR5_Signalling_BooleanModel_17Jul2018.json,TLR5,0.9122733543914592,2,0.0,1
ginsim_2018-mammal-tcr-tlr5_RodriguezJorge_TLR5_Signalling_BooleanModel_17Jul2018.json,MyD88,2.4914241354711066,4,0.014634146341463414,0
ginsim_2018-mammal-tcr-tlr5_RodriguezJorge_TLR5_Signalling_BooleanModel_17Jul2018.json,TICAM1,2.1512925967356296,3,0.00853658536585366,0
ginsim_2018-mammal-tcr-tlr5_RodriguezJorge_TLR5_Signalling_BooleanModel_17Jul2018.json,PIK3AP1,-0.6813777045057918,2,0.011280487804878048,0
ginsim_2018-mammal-tcr-tlr5_RodriguezJorge_TLR5_Signalling_BooleanModel_17Jul2018.json,IRAK4,2.272968754288229,3,0.0,0
ginsim_2018-mammal-tcr-tlr5_RodriguezJorge_TLR5_Signalling_BooleanModel_17Jul2018.json,IRAK1,2.857138576903253,4,0.07164634146341464,0
ginsim_2018-mammal-tcr-tlr5_RodriguezJorge_TLR5_Signalling_BooleanModel_17Jul2018.json,PI3K,-0.6657799254302006,2,0.04176829268292683,0
ginsim_2018-mammal-tcr-tlr5_RodriguezJorge_TLR5_Signalling_BooleanModel_17Jul2018.json,TRAF6,1.112922222218458,4,0.08871951219512195,0
ginsim_2018-mammal-tcr-tlr5_RodriguezJorge_TLR5_Signalling_BooleanModel_17Jul2018.json,PDPK1,0.14588681804758608,3,0.17560975609756102,0
ginsim_2018-mammal-tcr-tlr5_RodriguezJorge_TLR5_Signalling_BooleanModel_17Jul2018.json,Akt,0.2278746414883983,4,0.16951219512195126,0
ginsim_2018-mammal-tcr-tlr5_RodriguezJorge_TLR5_Signalling_BooleanModel_17Jul2018.json,TAK1,0.24068204886634703,3,0.07713414634146343,0
ginsim_2018-mammal-tcr-tlr5_RodriguezJorge_TLR5_Signalling_BooleanModel_17Jul2018.json,TAB,-0.6339202080718849,2,0.0,0
ginsim_2018-mammal-tcr-tlr5_RodriguezJorge_TLR5_Signalling_BooleanModel_17Jul2018.json,TAK1c,2.538821450123578,6,0.10518292682926829,0
ginsim_2018-mammal-tcr-tlr5_RodriguezJorge_TLR5_Signalling_BooleanModel_17Jul2018.json,SCFbTrCP,0.16319753613370835,2,0.0,0
ginsim_2018-mammal-tcr-tlr5_RodriguezJorge_TLR5_Signalling_BooleanModel_17Jul2018.json,IKBKB,2.2099623395798176,7,0.1469512195121951,0
ginsim_2018-mammal-tcr-tlr5_RodriguezJorge_TLR5_Signalling_BooleanModel_17Jul2018.json,NFKBIA,1.0429883139892695,4,0.0024390243902439024,0
ginsim_2018-mammal-tcr-tlr5_RodriguezJorge_TLR5_Signalling_BooleanModel_17Jul2018.json,MAP2K2,-1.5185230836866594,2,0.09268292682926829,0
ginsim_2018-mammal-tcr-tlr5_RodriguezJorge_TLR5_Signalling_BooleanModel_17Jul2018.json,MAP2K3,0.31430436611174173,3,0.08536585365853659,0
ginsim_2018-mammal-tcr-tlr5_RodriguezJorge_TLR5_Signalling_BooleanModel_17Jul2018.json,MAP2K7,-0.24827961772336948,2,0.02134146341463414,0
ginsim_2018-mammal-tcr-tlr5_RodriguezJorge_TLR5_Signalling_BooleanModel_17Jul2018.json,MAP3K8,-0.07387226442185124,3,0.09878048780487805,0
ginsim_2018-mammal-tcr-tlr5_RodriguezJorge_TLR5_Signalling_BooleanModel_17Jul2018.json,NFKB1,-0.2547858021673619,2,0.0,1
ginsim_2018-mammal-tcr-tlr5_RodriguezJorge_TLR5_Signalling_BooleanModel_17Jul2018.json,RPS6KA2,1.5524995817816034,3,0.04826219512195122,0
ginsim_2018-mammal-tcr-tlr5_RodriguezJorge_TLR5_Signalling_BooleanModel_17Jul2018.json,MKNK1,0.8019363348396098,2,0.0,0
ginsim_2018-mammal-tcr-tlr5_RodriguezJorge_TLR5_Signalling_BooleanModel_17Jul2018.json,GSK3b,-0.36254612156173494,3,0.031402439024390244,0
ginsim_2018-mammal-tcr-tlr5_RodriguezJorge_TLR5_Signalling_BooleanModel_17Jul2018.json,RPS6KA5,2.331969506987946,4,0.09022357723577236,0
ginsim_2018-mammal-tcr-tlr5_RodriguezJorge_TLR5_Signalling_BooleanModel_17Jul2018.json,JNK,0.3051811257619761,3,0.04307926829268292,0
ginsim_2018-mammal-tcr-tlr5_RodriguezJorge_TLR5_Signalling_BooleanModel_17Jul2018.json,P38a,2.388643670368083,5,0.2189329268292683,0
ginsim_2018-mammal-tcr-tlr5_RodriguezJorge_TLR5_Signalling_BooleanModel_17Jul2018.json,ERK,2.2520905449381416,5,0.1151219512195122,0
ginsim_2018-mammal-tcr-tlr5_RodriguezJorge_TLR5_Signalling_BooleanModel_17Jul2018.json,MAPKAPK2,1.7713197771696798,4,0.1525813008130081,0
ginsim_2018-mammal-tcr-tlr5_RodriguezJorge_TLR5_Signalling_BooleanModel_17Jul2018.json,JUN,-0.3126284916519353,3,0.04714430894308943,0
ginsim_2018-mammal-tcr-tlr5_RodriguezJorge_TLR5_Signalling_BooleanModel_17Jul2018.json,FOS,-0.9054885623739324,2,0.007317073170731707,0
ginsim_2018-mammal-tcr-tlr5_RodriguezJorge_TLR5_Signalling_BooleanModel_17Jul2018.json,NFkB,9.99485078395594,7,0.12134146341463414,0
ginsim_2018-mammal-tcr-tlr5_RodriguezJorge_TLR5_Signalling_BooleanModel_17Jul2018.json,AP1,13.824353692295546,6,0.06421747967479674,0
ginsim_2018-mammal-tcr-tlr5_RodriguezJorge_TLR5_Signalling_BooleanModel_17Jul2018.json,CREB1,17.856217589163066,8,0.1560670731707317,0
ginsim_2018-mammal-tcr-tlr5_RodriguezJorge_TLR5_Signalling_BooleanModel_17Jul2018.json,DUSP,2.6958284266966928,5,0.1795731707317073,0
ginsim_2018-mammal-tcr-tlr5_RodriguezJorge_TLR5_Signalling_BooleanModel_17Jul2018.json,TNFAIP3,-1.4512472518810569,2,0.07682926829268293,0
ginsim_2018-mammal-tcr-tlr5_RodriguezJorge_TLR5_Signalling_BooleanModel_17Jul2018.json,ZFP36,6.374797093906409,4,0.004308943089430895,0
ginsim_2018-mammal-tcr-tlr5_RodriguezJorge_TLR5_Signalling_BooleanModel_17Jul2018.json,PICytokines,11.08743058625231,4,0.0,0
ginsim_2018-mammal-tcr-tlr5_RodriguezJorge_TLR5_Signalling_BooleanModel_17Jul2018.json,Survival,10.14791402566945,3,0.0,0
ginsim_2018-mammal-tcr-tlr5_RodriguezJorge_TLR5_Signalling_BooleanModel_17Jul2018.json,AICytokines,7.281988734998947,3,0.0,0
ginsim_2018-mammal-tcr-tlr5_RodriguezJorge_TLR5_Signalling_BooleanModel_17Jul2018.json,PIK3R1,0.13358431798474157,2,0.027134146341463414,0
ginsim_2018-mammal-tcr-tlr5_RodriguezJorge_TLR5_Signalling_BooleanModel_17Jul2018.json,IKBKG,0.3095395453826484,3,0.03841463414634146,0
ginsim_2016-mammal-cell-cycle_Traynard_Boolean_MamCC_Apr2016.json,CycD,48.1667702986053,3,0.0,0
ginsim_2016-mammal-cell-cycle_Traynard_Boolean_MamCC_Apr2016.json,Rb2,47.407062161026346,10,0.05723304473304473,0
ginsim_2016-mammal-cell-cycle_Traynard_Boolean_MamCC_Apr2016.json,E2F,47.62499696719209,10,0.05725108225108226,0
ginsim_2016-mammal-cell-cycle_Traynard_Boolean_MamCC_Apr2016.json,CycE,48.58823406704357,7,0.03080808080808081,0
ginsim_2016-mammal-cell-cycle_Traynard_Boolean_MamCC_Apr2016.json,CycA,57.94561371976948,12,0.15551948051948053,0
ginsim_2016-mammal-cell-cycle_Traynard_Boolean_MamCC_Apr2016.json,CycB,56.77747933685501,11,0.15476190476190477,0
ginsim_2016-mammal-cell-cycle_Traynard_Boolean_MamCC_Apr2016.json,p27_1,47.11769103996116,11,0.0707972582972583,0
ginsim_2016-mammal-cell-cycle_Traynard_Boolean_MamCC_Apr2016.json,Cdc20,49.492910644779585,5,0.0015151515151515154,0
ginsim_2016-mammal-cell-cycle_Traynard_Boolean_MamCC_Apr2016.json,Cdh1,48.372197059537,9,0.18953823953823953,0
ginsim_2016-mammal-cell-cycle_Traynard_Boolean_MamCC_Apr2016.json,UbcH10,52.242922205241285,6,0.021717171717171715,0
ginsim_2016-mammal-cell-cycle_Traynard_Boolean_MamCC_Apr2016.json,Skp2,40.767674343195466,7,0.05537518037518037,0
ginsim_2016-mammal-cell-cycle_Traynard_Boolean_MamCC_Apr2016.json,Rb1,49.68771577166734,10,0.05622294372294372,0
ginsim_2016-mammal-cell-cycle_Traynard_Boolean_MamCC_Apr2016.json,p27_2,48.809804431363105,9,0.03562409812409813,0
ginsim_2015-mammal-bladder-tumorigenesis.json,EGFR_stimulus,-0.10543051281399585,1,0.0,0
ginsim_2015-mammal-bladder-tumorigenesis.json,FGFR3_stimulus,-0.10543051281399585,1,0.0,0
ginsim_2015-mammal-bladder-tumorigenesis.json,DNAdamage,-0.10296923396356306,1,0.0,0
ginsim_2015-mammal-bladder-tumorigenesis.json,GrowthInhibitors,-0.08248510657617203,2,0.0,0
ginsim_2015-mammal-bladder-tumorigenesis.json,Proliferation,0.0716281868905071,2,0.0,0
ginsim_2015-mammal-bladder-tumorigenesis.json,Apoptosis,-0.04483737667899845,2,0.0,0
ginsim_2015-mammal-bladder-tumorigenesis.json,Growth_Arrest,0.37719548919136514,3,0.0,0
ginsim_2015-mammal-bladder-tumorigenesis.json,EGFR,1.2387414574033073,7,0.042980295566502465,0
ginsim_2015-mammal-bladder-tumorigenesis.json,FGFR3,1.0560291895048977,6,0.03078817733990148,1
ginsim_2015-mammal-bladder-tumorigenesis.json,RAS,3.159828303417413,8,0.1440886699507389,0
ginsim_2015-mammal-bladder-tumorigenesis.json,E2F1,13.612260726402667,14,0.21252052545155994,0
ginsim_2015-mammal-bladder-tumorigenesis.json,E2F3,4.308370681782833,7,0.028263546798029553,0
ginsim_2015-mammal-bladder-tumorigenesis.json,CyclinD1,1.821543988935332,6,0.09339080459770113,0
ginsim_2015-mammal-bladder-tumorigenesis.json,CyclinE1,12.570836455216238,9,0.07988505747126436,0
ginsim_2015-mammal-bladder-tumorigenesis.json,CyclinA,9.473208066133452,7,0.04154351395730705,0
ginsim_2015-mammal-bladder-tumorigenesis.json,CDC25A,7.472030527506888,6,0.002463054187192118,0
ginsim_2015-mammal-bladder-tumorigenesis.json,p16INK4a,-2.486552290349721,4,0.019827586206896553,0
ginsim_2015-mammal-bladder-tumorigenesis.json,RB1,8.911925340543178,9,0.15410509031198688,1
ginsim_2015-mammal-bladder-tumorigenesis.json,RBL2,10.751319990672187,7,0.05410509031198687,0
ginsim_2015-mammal-bladder-tumorigenesis.json,p21CIP,8.587513478898103,8,0.0884646962233169,0
ginsim_2015-mammal-bladder-tumorigenesis.json,ATM,1.204262747799703,6,0.02660098522167488,0
ginsim_2015-mammal-bladder-tumorigenesis.json,CHEK1_2,4.558785336959147,6,0.005336617405582922,0
ginsim_2015-mammal-bladder-tumorigenesis.json,MDM2,1.9073276956692666,6,0.05229885057471263,0
ginsim_2015-mammal-bladder-tumorigenesis.json,TP53,3.1345162311368995,8,0.13392857142857142,1
ginsim_2015-mammal-bladder-tumorigenesis.json,p14ARF,-0.14135696340184722,2,0.0019704433497536944,0
ginsim_2015-mammal-bladder-tumorigenesis.json,PTEN,-0.148813093789812,2,0.04310344827586207,0
ginsim_2015-mammal-bladder-tumorigenesis.json,PI3K,0.33370109248460267,4,0.06270525451559934,0
ginsim_2015-mammal-bladder-tumorigenesis.json,AKT,0.18046578076834408,4,0.05531609195402298,0
ginsim_2015-mammal-bladder-tumorigenesis.json,GRB2,1.0049400177816779,7,0.024096880131362887,0
ginsim_2015-mammal-bladder-tumorigenesis.json,SPRY,0.4782573038375517,3,0.003694581280788177,0
ginsim_default_CellCycleControl_Sizek_PCB_2019.json,GF,0.3873342952364851,2,0.0,0
ginsim_default_CellCycleControl_Sizek_PCB_2019.json,RTK,0.5051059236880633,7,0.07767537524035475,0
ginsim_default_CellCycleControl_Sizek_PCB_2019.json,Grb2,0.4215139872309237,5,0.029261987442562,0
ginsim_default_CellCycleControl_Sizek_PCB_2019.json,Ras,0.5720465899413512,6,0.026662808235995653,0
ginsim_default_CellCycleControl_Sizek_PCB_2019.json,RAF,0.04483883261849542,3,0.012790697674418604,0
ginsim_default_CellCycleControl_Sizek_PCB_2019.json,mTORC2,0.542050019996509,4,0.027882005515384445,0
ginsim_default_CellCycleControl_Sizek_PCB_2019.json,PI3K,0.6500720562304991,5,0.006320832230544951,0
ginsim_default_CellCycleControl_Sizek_PCB_2019.json,PIP3,1.3392473335722457,7,0.017665017336498785,0
ginsim_default_CellCycleControl_Sizek_PCB_2019.json,PDK1,0.5876107042853391,4,0.004505785627335475,0
ginsim_default_CellCycleControl_Sizek_PCB_2019.json,AKT_B,1.6048174899738683,10,0.031061091055257003,0
ginsim_default_CellCycleControl_Sizek_PCB_2019.json,p110_H,0.16508056870958399,5,0.11889722254935918,0
ginsim_default_CellCycleControl_Sizek_PCB_2019.json,PI3K_H,1.0768875123679322,7,0.04718859656656387,0
ginsim_default_CellCycleControl_Sizek_PCB_2019.json,AKT_H,2.56471760308051,14,0.1602165710461079,0
ginsim_default_CellCycleControl_Sizek_PCB_2019.json,FoxO3,1.217212137424383,11,0.16336665079463836,0
ginsim_default_CellCycleControl_Sizek_PCB_2019.json,PLCgamma,1.04183072226067,7,0.04852209585684659,0
ginsim_default_CellCycleControl_Sizek_PCB_2019.json,NeddL4,0.06873614679614093,3,0.029072807417540654,0
ginsim_default_CellCycleControl_Sizek_PCB_2019.json,FoxO1,0.4190068321592548,5,0.008930710181514881,0
ginsim_default_CellCycleControl_Sizek_PCB_2019.json,p21_mRNA,0.29597174102485724,4,0.0048591148933146205,0
ginsim_default_CellCycleControl_Sizek_PCB_2019.json,TSC2,0.4010493490857243,4,0.009690398443199008,0
ginsim_default_CellCycleControl_Sizek_PCB_2019.json,PRAS40,0.4251314051116992,4,0.0032878373336649672,0
ginsim_default_CellCycleControl_Sizek_PCB_2019.json,Rheb,0.283145039579324,3,0.026403708770329843,0
ginsim_default_CellCycleControl_Sizek_PCB_2019.json,mTORC1,1.075994913259592,10,0.09290564428731322,0
ginsim_default_CellCycleControl_Sizek_PCB_2019.json,S6K,0.45746056751369224,5,0.06130469241960349,0
ginsim_default_CellCycleControl_Sizek_PCB_2019.json,eIF4E,0.37780843978276835,3,0.02155494756041952,0
ginsim_default_CellCycleControl_Sizek_PCB_2019.json,GSK3,1.1014761437735388,9,0.06861339237687109,0
ginsim_default_CellCycleControl_Sizek_PCB_2019.json,p21,0.38598708772821055,5,0.014739027837321875,0
ginsim_default_CellCycleControl_Sizek_PCB_2019.json,pRB,2.8441536190966303,13,0.04212378918972618,0
ginsim_default_CellCycleControl_Sizek_PCB_2019.json,p27Kip1,0.44651736961367305,10,0.013443410817877699,0
ginsim_default_CellCycleControl_Sizek_PCB_2019.json,Myc,1.918399307107677,10,0.05941945630034067,0
ginsim_default_CellCycleControl_Sizek_PCB_2019.json,CyclinD1,0.5570637541042629,8,0.008014591028543957,0
ginsim_default_CellCycleControl_Sizek_PCB_2019.json,E2F1,6.279387189595184,17,0.062208017530385545,0
ginsim_default_CellCycleControl_Sizek_PCB_2019.json,CyclinE,3.28864096718911,14,0.04612174506870769,0
ginsim_default_CellCycleControl_Sizek_PCB_2019.json,ORC,6.989833715680618,7,3.419972640218878e-05,0
ginsim_default_CellCycleControl_Sizek_PCB_2019.json,Cdc6,8.637997268967126,12,0.016371102108106217,0
ginsim_default_CellCycleControl_Sizek_PCB_2019.json,Cdt1,10.167792256582118,13,0.023021681540833387,0
ginsim_default_CellCycleControl_Sizek_PCB_2019.json,Pre_RC,7.799741466227431,11,0.030626093801023064,0
ginsim_default_CellCycleControl_Sizek_PCB_2019.json,geminin,1.1333323636145565,5,0.0011027511779905762,0
ginsim_default_CellCycleControl_Sizek_PCB_2019.json,CyclinA_mRNA,0.33185662853810527,5,0.0038862533508264574,0
ginsim_default_CellCycleControl_Sizek_PCB_2019.json,Emi1,1.7408281552162066,11,0.0363310747949524,0
ginsim_default_CellCycleControl_Sizek_PCB_2019.json,FoxM1,2.492886502669478,14,0.059659690451013166,0
ginsim_default_CellCycleControl_Sizek_PCB_2019.json,Cdc25A,2.8352890847301637,16,0.06373876873232158,0
ginsim_default_CellCycleControl_Sizek_PCB_2019.json,CyclinA,3.5136864372200307,20,0.05529369142366066,0
ginsim_default_CellCycleControl_Sizek_PCB_2019.json,Wee1,0.6070024931110538,9,0.021989779564516018,0
ginsim_default_CellCycleControl_Sizek_PCB_2019.json,UbcH10,-1.186715188678761,5,0.0011076368531908888,0
ginsim_default_CellCycleControl_Sizek_PCB_2019.json,CyclinB,6.431248881388399,24,0.102886790995287,0
ginsim_default_CellCycleControl_Sizek_PCB_2019.json,Cdc25B,-2.230400617964335,4,0.0034315452749105278,0
ginsim_default_CellCycleControl_Sizek_PCB_2019.json,Plk1,3.979763439990677,20,0.10125025114835043,0
ginsim_default_CellCycleControl_Sizek_PCB_2019.json,Cdc25C,-0.3168940694666844,7,0.008204411308941766,0
ginsim_default_CellCycleControl_Sizek_PCB_2019.json,Cdk1,4.747641103762646,21,0.045084597724816634,0
ginsim_default_CellCycleControl_Sizek_PCB_2019.json,pAPC,1.7897562674694996,9,0.003823295567481614,0
ginsim_default_CellCycleControl_Sizek_PCB_2019.json,Cdc20,2.3380247604119404,12,0.01705381993357825,1
ginsim_default_CellCycleControl_Sizek_PCB_2019.json,Cdh1,3.4483369810427575,15,0.02553279496582165,0
ginsim_default_CellCycleControl_Sizek_PCB_2019.json,Replication,0.8351427166454641,11,0.0340357542973822,0
ginsim_default_CellCycleControl_Sizek_PCB_2019.json,f4N_DNA,1.837213374830128,13,0.04837876326347763,0
ginsim_default_CellCycleControl_Sizek_PCB_2019.json,U_Kinetochores,1.928905411791618,13,0.03857943824199578,0
ginsim_default_CellCycleControl_Sizek_PCB_2019.json,Mad2,-0.014638120798053933,4,0.0013411203099985588,0
ginsim_default_CellCycleControl_Sizek_PCB_2019.json,A_Kinetochores,1.8134654014340867,12,0.009307406759527143,0
ginsim_default_CellCycleControl_Sizek_PCB_2019.json,Plk1_H,-0.1668652573399072,7,0.02364351382019523,0
ginsim_default_CellCycleControl_Sizek_PCB_2019.json,Ect2,0.8678876580646602,6,0.004703506327993333,0
ginsim_default_CellCycleControl_Sizek_PCB_2019.json,Casp8,2.6837441214349838,5,0.0226265389876881,0
ginsim_default_CellCycleControl_Sizek_PCB_2019.json,Casp2,1.0297342537128316,7,0.004425574782861336,0
ginsim_default_CellCycleControl_Sizek_PCB_2019.json,MCL_1,15.82496426942447,16,0.07677530516531174,0
ginsim_default_CellCycleControl_Sizek_PCB_2019.json,BCLXL,15.838507794622672,14,0.04573819396000076,0
ginsim_default_CellCycleControl_Sizek_PCB_2019.json,BCL2,16.380431399852398,16,0.050351532437908346,0
ginsim_default_CellCycleControl_Sizek_PCB_2019.json,BAD,-4.825352624444065,8,0.015895030641952662,0
ginsim_default_CellCycleControl_Sizek_PCB_2019.json,BIK,5.134999026855326,7,0.05927355969881157,0
ginsim_default_CellCycleControl_Sizek_PCB_2019.json,BIM,5.375508495460622,9,0.00971302295515702,0
ginsim_default_CellCycleControl_Sizek_PCB_2019.json,BID,9.022323090843543,7,0.004934985974657659,0
ginsim_default_CellCycleControl_Sizek_PCB_2019.json,BAK,7.978065702599395,8,0.06320004953344831,0
ginsim_default_CellCycleControl_Sizek_PCB_2019.json,BAX,7.978065702599395,8,0.06320004953344831,0
ginsim_default_CellCycleControl_Sizek_PCB_2019.json,Cyto_C,0.49470995850191457,3,0.09242420477505389,0
ginsim_default_CellCycleControl_Sizek_PCB_2019.json,SMAC,0.4806895126520203,3,0.03288150304697269,0
ginsim_default_CellCycleControl_Sizek_PCB_2019.json,IAPs,0.4368548342928307,4,0.08204402702801336,0
ginsim_default_CellCycleControl_Sizek_PCB_2019.json,Casp9,0.6603185856146752,5,0.10842657289056272,0
ginsim_default_CellCycleControl_Sizek_PCB_2019.json,Casp3,2.593454152303252,22,0.13482390980620643,0
ginsim_default_CellCycleControl_Sizek_PCB_2019.json,CAD,0.6353457618478728,7,0.09255926909745207,0
ginsim_default_CellCycleControl_Sizek_PCB_2019.json,ATR,0.09656677550930226,2,0.011878704970360237,0
ginsim_default_CellCycleControl_Sizek_PCB_2019.json,CHK1,0.6875690254942697,7,0.011331509347925218,0
ginsim_default_CellCycleControl_Sizek_PCB_2019.json,Ca2,0.13915250438617477,2,0.0,0
ginsim_default_CellCycleControl_Sizek_PCB_2019.json,DAG,0.09371095667268037,2,0.006042995689647927,0
ginsim_default_CellCycleControl_Sizek_PCB_2019.json,DR4_5,0.11273405895252608,2,0.011354309165526676,0
ginsim_default_CellCycleControl_Sizek_PCB_2019.json,ERK,0.7955539622381593,9,0.07934391342169606,0
ginsim_default_CellCycleControl_Sizek_PCB_2019.json,GF_High,0.08056289453497811,3,0.0,0
ginsim_default_CellCycleControl_Sizek_PCB_2019.json,IP3,0.23578883153891184,3,0.030167198662410702,0
ginsim_default_CellCycleControl_Sizek_PCB_2019.json,MEK,0.14330480119218691,2,0.012243502051983584,0
ginsim_default_CellCycleControl_Sizek_PCB_2019.json,SOS,0.0842595273520601,2,0.0,0
ginsim_default_CellCycleControl_Sizek_PCB_2019.json,Trail,0.07854977181801814,1,0.0,0
ginsim_2015-mammal-cell-fate-gastric-cancer_Flobak_FullModel_S2_Dataset.json,RTPK,0.6941513910915091,5,0.07552631578947368,0
ginsim_2015-mammal-cell-fate-gastric-cancer_Flobak_FullModel_S2_Dataset.json,SHC1,0.4505626664060003,3,0.09938596491228069,0
ginsim_2015-mammal-cell-fate-gastric-cancer_Flobak_FullModel_S2_Dataset.json,GRB2,1.6510487429906675,3,0.10149122807017544,0
ginsim_2015-mammal-cell-fate-gastric-cancer_Flobak_FullModel_S2_Dataset.json,SOS,5.66627377393155,3,0.02412280701754386,0
ginsim_2015-mammal-cell-fate-gastric-cancer_Flobak_FullModel_S2_Dataset.json,Ras,2.9238343600057988,4,0.04157894736842105,0
ginsim_2015-mammal-cell-fate-gastric-cancer_Flobak_FullModel_S2_Dataset.json,Raf,11.227460349507169,5,0.04392397660818713,0
ginsim_2015-mammal-cell-fate-gastric-cancer_Flobak_FullModel_S2_Dataset.json,MEK,11.28183354441947,5,0.0853391812865497,0
ginsim_2015-mammal-cell-fate-gastric-cancer_Flobak_FullModel_S2_Dataset.json,ERK,14.62898507256594,13,0.11157309941520466,0
ginsim_2015-mammal-cell-fate-gastric-cancer_Flobak_FullModel_S2_Dataset.json,DUSP6,7.350126166628513,3,0.020692982456140343,0
ginsim_2015-mammal-cell-fate-gastric-cancer_Flobak_FullModel_S2_Dataset.json,TAK1,2.047723229107703,6,0.04011695906432748,0
ginsim_2015-mammal-cell-fate-gastric-cancer_Flobak_FullModel_S2_Dataset.json,MKK3,1.9724107730305036,3,0.05319298245614035,0
ginsim_2015-mammal-cell-fate-gastric-cancer_Flobak_FullModel_S2_Dataset.json,ASK1,-0.914868885890229,2,0.046000000000000006,0
ginsim_2015-mammal-cell-fate-gastric-cancer_Flobak_FullModel_S2_Dataset.json,TAB,0.4447403306618867,2,0.038011695906432746,0
ginsim_2015-mammal-cell-fate-gastric-cancer_Flobak_FullModel_S2_Dataset.json,p38alpha,3.445293456289278,11,0.17858813700918966,0
ginsim_2015-mammal-cell-fate-gastric-cancer_Flobak_FullModel_S2_Dataset.json,DUSP1,1.7487667855731956,4,0.03825730994152046,0
ginsim_2015-mammal-cell-fate-gastric-cancer_Flobak_FullModel_S2_Dataset.json,MKK4,3.8718651113522924,6,0.0881612364243943,0
ginsim_2015-mammal-cell-fate-gastric-cancer_Flobak_FullModel_S2_Dataset.json,MKK7,0.10912115962338476,3,0.001812865497076023,0
ginsim_2015-mammal-cell-fate-gastric-cancer_Flobak_FullModel_S2_Dataset.json,MEKK4,1.553328168481272,2,0.027092314118629904,0
ginsim_2015-mammal-cell-fate-gastric-cancer_Flobak_FullModel_S2_Dataset.json,MLK3,1.553328168481272,2,0.027092314118629904,0
ginsim_2015-mammal-cell-fate-gastric-cancer_Flobak_FullModel_S2_Dataset.json,Rac,1.5564340052819148,4,0.06330743525480365,0
ginsim_2015-mammal-cell-fate-gastric-cancer_Flobak_FullModel_S2_Dataset.json,JNK,0.2335071498712864,5,0.033713450292397654,0
ginsim_2015-mammal-cell-fate-gastric-cancer_Flobak_FullModel_S2_Dataset.json,GRAP2,1.8127840993118696,3,0.011929824561403507,0
ginsim_2015-mammal-cell-fate-gastric-cancer_Flobak_FullModel_S2_Dataset.json,SHP2,0.23016300143405033,2,0.002017543859649123,0
ginsim_2015-mammal-cell-fate-gastric-cancer_Flobak_FullModel_S2_Dataset.json,GAB,0.9852538996313172,4,0.08590643274853801,0
ginsim_2015-mammal-cell-fate-gastric-cancer_Flobak_FullModel_S2_Dataset.json,IKKB,1.9776732209234638,6,0.07781286549707603,0
ginsim_2015-mammal-cell-fate-gastric-cancer_Flobak_FullModel_S2_Dataset.json,IKKA,0.7516496320756687,3,0.06498872180451126,0
ginsim_2015-mammal-cell-fate-gastric-cancer_Flobak_FullModel_S2_Dataset.json,AKT,1.3029961196076556,12,0.2501850459482038,0
ginsim_2015-mammal-cell-fate-gastric-cancer_Flobak_FullModel_S2_Dataset.json,IRS1,0.8183252364568148,4,0.01057017543859649,0
ginsim_2015-mammal-cell-fate-gastric-cancer_Flobak_FullModel_S2_Dataset.json,Caspase8,0.23330918165828507,2,0.011081871345029238,0
ginsim_2015-mammal-cell-fate-gastric-cancer_Flobak_FullModel_S2_Dataset.json,PTENgene,0.21510911329446003,2,0.06032163742690059,0
ginsim_2015-mammal-cell-fate-gastric-cancer_Flobak_FullModel_S2_Dataset.json,Caspase9,0.18537857128418977,2,0.004210526315789474,0
ginsim_2015-mammal-cell-fate-gastric-cancer_Flobak_FullModel_S2_Dataset.json,FOXO,0.6730406232143196,4,0.022777777777777772,0
ginsim_2015-mammal-cell-fate-gastric-cancer_Flobak_FullModel_S2_Dataset.json,TSC,1.5541964463475892,7,0.12700626566416037,0
ginsim_2015-mammal-cell-fate-gastric-cancer_Flobak_FullModel_S2_Dataset.json,pras40,0.7889641606944338,2,0.0014327485380116957,0
ginsim_2015-mammal-cell-fate-gastric-cancer_Flobak_FullModel_S2_Dataset.json,BCL2,0.31292090995341937,2,0.016175438596491225,1
ginsim_2015-mammal-cell-fate-gastric-cancer_Flobak_FullModel_S2_Dataset.json,p53,0.6601503878629273,5,0.09525981620718463,0
ginsim_2015-mammal-cell-fate-gastric-cancer_Flobak_FullModel_S2_Dataset.json,Rheb,0.49566367615727813,3,0.02505555555555555,0
ginsim_2015-mammal-cell-fate-gastric-cancer_Flobak_FullModel_S2_Dataset.json,mTORC1,1.015634448820549,5,0.045078947368421045,0
ginsim_2015-mammal-cell-fate-gastric-cancer_Flobak_FullModel_S2_Dataset.json,PTEN,0.32968820209168825,4,0.1349987468671679,0
ginsim_2015-mammal-cell-fate-gastric-cancer_Flobak_FullModel_S2_Dataset.json,BAD,0.2876024961356052,3,0.026877192982456135,0
ginsim_2015-mammal-cell-fate-gastric-cancer_Flobak_FullModel_S2_Dataset.json,mTORC2,0.6386404468892692,4,0.1249624060150376,0
ginsim_2015-mammal-cell-fate-gastric-cancer_Flobak_FullModel_S2_Dataset.json,MDM2gene,0.7263001254336245,3,0.02035672514619883,0
ginsim_2015-mammal-cell-fate-gastric-cancer_Flobak_FullModel_S2_Dataset.json,S6K,0.9228028882504873,6,0.06724728487886383,0
ginsim_2015-mammal-cell-fate-gastric-cancer_Flobak_FullModel_S2_Dataset.json,MDM2,0.6752721899093785,4,0.06294653299916458,0
ginsim_2015-mammal-cell-fate-gastric-cancer_Flobak_FullModel_S2_Dataset.json,CytochromeC,0.32947268801024165,3,0.015789473684210527,0
ginsim_2015-mammal-cell-fate-gastric-cancer_Flobak_FullModel_S2_Dataset.json,BAX,0.26805945224148786,2,0.01014035087719298,1
ginsim_2015-mammal-cell-fate-gastric-cancer_Flobak_FullModel_S2_Dataset.json,NFkB,1.4417659950613881,4,0.009365914786967418,0
ginsim_2015-mammal-cell-fate-gastric-cancer_Flobak_FullModel_S2_Dataset.json,MAP3K8,0.78280107745843,2,0.02404678362573099,0
ginsim_2015-mammal-cell-fate-gastric-cancer_Flobak_FullModel_S2_Dataset.json,PI3K,1.1194659840752479,4,0.12673976608187132,0
ginsim_2015-mammal-cell-fate-gastric-cancer_Flobak_FullModel_S2_Dataset.json,PDK1,0.6840113359222642,5,0.25542272347535505,0
ginsim_2015-mammal-cell-fate-gastric-cancer_Flobak_FullModel_S2_Dataset.json,LRP,1.3166456349593147,8,0.10041771094402673,0
ginsim_2015-mammal-cell-fate-gastric-cancer_Flobak_FullModel_S2_Dataset.json,ITCH,0.5552028177527006,2,0.00783625730994152,0
ginsim_2015-mammal-cell-fate-gastric-cancer_Flobak_FullModel_S2_Dataset.json,DKK1,0.3116348153348838,2,0.031540517961570584,0
ginsim_2015-mammal-cell-fate-gastric-cancer_Flobak_FullModel_S2_Dataset.json,Fz,0.6384810315982463,3,0.04649456975772766,0
ginsim_2015-mammal-cell-fate-gastric-cancer_Flobak_FullModel_S2_Dataset.json,Antisurvival,0.36747069474017735,2,0.0,0
ginsim_2015-mammal-cell-fate-gastric-cancer_Flobak_FullModel_S2_Dataset.json,Axin,0.47825515078270087,2,0.007314954051796157,0
ginsim_2015-mammal-cell-fate-gastric-cancer_Flobak_FullModel_S2_Dataset.json,GSK3,1.5153613328700999,10,0.18836382623224723,0
ginsim_2015-mammal-cell-fate-gastric-cancer_Flobak_FullModel_S2_Dataset.json,RTPKgene,-0.045666306786358746,2,0.015263157894736841,0
ginsim_2015-mammal-cell-fate-gastric-cancer_Flobak_FullModel_S2_Dataset.json,RSK,1.1215067784339112,7,0.04812238930659983,0
ginsim_2015-mammal-cell-fate-gastric-cancer_Flobak_FullModel_S2_Dataset.json,MSK,0.3705646813442627,4,0.03217251461988304,0
ginsim_2015-mammal-cell-fate-gastric-cancer_Flobak_FullModel_S2_Dataset.json,CFLAR,0.5071146653461938,3,0.022309941520467835,0
ginsim_2015-mammal-cell-fate-gastric-cancer_Flobak_FullModel_S2_Dataset.json,CK1,0.43132704749618256,2,0.007314954051796157,0
ginsim_2015-mammal-cell-fate-gastric-cancer_Flobak_FullModel_S2_Dataset.json,Dvl,0.5160189458346736,3,0.032178780284043446,0
ginsim_2015-mammal-cell-fate-gastric-cancer_Flobak_FullModel_S2_Dataset.json,SFRP1,0.3648906117091997,2,0.044389306599832916,0
ginsim_2015-mammal-cell-fate-gastric-cancer_Flobak_FullModel_S2_Dataset.json,SFRP1gene,0.26205894925882944,2,0.042284043441938174,0
ginsim_2015-mammal-cell-fate-gastric-cancer_Flobak_FullModel_S2_Dataset.json,Caspase37,0.4495130266854517,3,0.003187134502923976,0
ginsim_2015-mammal-cell-fate-gastric-cancer_Flobak_FullModel_S2_Dataset.json,betacatenin,0.5033532093569875,4,0.1599828738512949,0
ginsim_2015-mammal-cell-fate-gastric-cancer_Flobak_FullModel_S2_Dataset.json,betaTrCP,0.5092523058369238,4,0.0920062656641604,0
ginsim_2015-mammal-cell-fate-gastric-cancer_Flobak_FullModel_S2_Dataset.json,MMP,0.3558050498384091,2,0.020833333333333332,0
ginsim_2015-mammal-cell-fate-gastric-cancer_Flobak_FullModel_S2_Dataset.json,Egr1,0.4524411354293534,2,0.058216374269005854,0
ginsim_2015-mammal-cell-fate-gastric-cancer_Flobak_FullModel_S2_Dataset.json,LEF,0.20081455734327847,2,0.018728070175438594,0
ginsim_2015-mammal-cell-fate-gastric-cancer_Flobak_FullModel_S2_Dataset.json,Prosurvival,1.0030482228845017,2,0.0,0
ginsim_2015-mammal-cell-fate-gastric-cancer_Flobak_FullModel_S2_Dataset.json,cMYC,1.8813843413767302,4,0.05242272347535505,0
ginsim_2015-mammal-cell-fate-gastric-cancer_Flobak_FullModel_S2_Dataset.json,TCF,2.2935669552950344,6,0.15780451127819545,0
ginsim_2015-mammal-cell-fate-gastric-cancer_Flobak_FullModel_S2_Dataset.json,NLK,0.33102972080894233,3,0.019941520467836253,0
ginsim_2015-mammal-cell-fate-gastric-cancer_Flobak_FullModel_S2_Dataset.json,DKK1gene,1.194664384000987,3,0.02943525480367586,0
ginsim_2015-mammal-cell-fate-gastric-cancer_Flobak_FullModel_S2_Dataset.json,CCND1,1.313032496359682,3,0.008770258980785295,0
ginsim_2010-mammal-cell-fate_Calzone__Cell_Fate.json,FASL,0.48266114508913915,1,0.0,0
ginsim_2010-mammal-cell-fate_Calzone__Cell_Fate.json,TNF,-0.18357396136246962,1,0.0,1
ginsim_2010-mammal-cell-fate_Calzone__Cell_Fate.json,TNFR,2.264470849887232,3,0.03276353276353276,0
ginsim_2010-mammal-cell-fate_Calzone__Cell_Fate.json,DISC_TNF,2.044265312958885,3,0.021557454890788228,0
ginsim_2010-mammal-cell-fate_Calzone__Cell_Fate.json,DISC_FAS,2.508487706665818,4,0.05631528964862299,0
ginsim_2010-mammal-cell-fate_Calzone__Cell_Fate.json,FADD,1.483560647822145,2,0.0,1
ginsim_2010-mammal-cell-fate_Calzone__Cell_Fate.json,RIP1,3.4497880078687047,5,0.17198480531813862,0
ginsim_2010-mammal-cell-fate_Calzone__Cell_Fate.json,RIP1ub,1.3196800373744964,3,0.13755935422602095,0
ginsim_2010-mammal-cell-fate_Calzone__Cell_Fate.json,RIP1K,0.843617843032348,2,0.05721747388414056,0
ginsim_2010-mammal-cell-fate_Calzone__Cell_Fate.json,IKK,-0.15632487324327826,2,0.13328584995251663,0
ginsim_2010-mammal-cell-fate_Calzone__Cell_Fate.json,NFkB,3.187686890522457,8,0.2600664767331434,0
ginsim_2010-mammal-cell-fate_Calzone__Cell_Fate.json,CASP8,1.7185719745701817,6,0.19126305792972462,1
ginsim_2010-mammal-cell-fate_Calzone__Cell_Fate.json,BAX,2.6759746039379024,3,0.1050807217473884,0
ginsim_2010-mammal-cell-fate_Calzone__Cell_Fate.json,BCL2,2.6902354761669613,3,0.04273504273504274,0
ginsim_2010-mammal-cell-fate_Calzone__Cell_Fate.json,ROS,4.327948578697374,4,0.10280151946818615,0
ginsim_2010-mammal-cell-fate_Calzone__Cell_Fate.json,ATP,-3.7676291918851064,3,0.09425451092117758,0
ginsim_2010-mammal-cell-fate_Calzone__Cell_Fate.json,MPT,4.4484391543876995,5,0.1519468186134853,0
ginsim_2010-mammal-cell-fate_Calzone__Cell_Fate.json,MOMP,6.290662602471571,4,0.1513770180436847,0
ginsim_2010-mammal-cell-fate_Calzone__Cell_Fate.json,SMAC,3.757284037678417,3,0.07402659069325734,0
ginsim_2010-mammal-cell-fate_Calzone__Cell_Fate.json,cIAP,-1.4015474031678394,3,0.03133903133903134,0
ginsim_2010-mammal-cell-fate_Calzone__Cell_Fate.json,Cyt_c,1.8771034653354661,2,0.03888888888888889,0
ginsim_2010-mammal-cell-fate_Calzone__Cell_Fate.json,XIAP,3.6629611128344237,4,0.08195631528964863,0
ginsim_2010-mammal-cell-fate_Calzone__Cell_Fate.json,apoptosome,3.7044251033343016,4,0.13480531813865146,0
ginsim_2010-mammal-cell-fate_Calzone__Cell_Fate.json,CASP3,3.41826617361599,5,0.23076923076923078,0
ginsim_2010-mammal-cell-fate_Calzone__Cell_Fate.json,cFLIP,-0.01539878270929762,2,0.01851851851851852,0
ginsim_2010-mammal-cell-fate_Calzone__Cell_Fate.json,NonACD,-0.3903293392676801,1,0.0,0
ginsim_2010-mammal-cell-fate_Calzone__Cell_Fate.json,Apoptosis,0.30085749014537555,1,0.0,0
ginsim_2010-mammal-cell-fate_Calzone__Cell_Fate.json,Survival,0.13836347890716638,1,0.0,0
ginsim_2013-drosophila-notch_Notch__Pathway_12Jun2013.json,Notch,2.758921977290356,2,0.02564102564102564,1
ginsim_2013-drosophila-notch_Notch__Pathway_12Jun2013.json,Da,2.8351976376344226,1,0.0,0
ginsim_2013-drosophila-notch_Notch__Pathway_12Jun2013.json,Twi,5.724644687614074,3,0.0,0
ginsim_2013-drosophila-notch_Notch__Pathway_12Jun2013.json,Delta,0.7822330251401297,1,0.0,1
ginsim_2013-drosophila-notch_Notch__Pathway_12Jun2013.json,Bx42,2.1570255418872932,1,0.0,0
ginsim_2013-drosophila-notch_Notch__Pathway_12Jun2013.json,Nicd,3.7093421563789377,3,0.038461538461538464,0
ginsim_2013-drosophila-notch_Notch__Pathway_12Jun2013.json,E_Spl,31.458838008425033,9,0.05448717948717949,0
ginsim_2013-drosophila-notch_Notch__Pathway_12Jun2013.json,Emc,1.8214571714396186,2,0.009615384615384616,0
ginsim_2013-drosophila-notch_Notch__Pathway_12Jun2013.json,Mam,0.6374299206152898,1,0.0,0
ginsim_2013-drosophila-notch_Notch__Pathway_12Jun2013.json,H,0.6374299206152898,1,0.0,0
ginsim_2013-drosophila-notch_Notch__Pathway_12Jun2013.json,Su_H,0.6374299206152898,1,0.0,0
ginsim_2013-drosophila-notch_Notch__Pathway_12Jun2013.json,Gro,0.6374299206152898,1,0.0,0
ginsim_2013-drosophila-notch_Notch__Pathway_12Jun2013.json,p300,0.6374299206152898,1,0.0,0
ginsim_2013-drosophila-notch_Notch__Pathway_12Jun2013.json,CtBP,0.6374299206152898,1,0.0,0
ginsim_2008-fission-yeast-cell-cycle_fissionYeastDavidich2008Modified.json,Cdc25,13.797301257393684,3,0.008928571428571428,0
ginsim_2008-fission-yeast-cell-cycle_fissionYeastDavidich2008Modified.json,Start,12.933010543498078,1,0.0,0
ginsim_2008-fission-yeast-cell-cycle_fissionYeastDavidich2008Modified.json,Cdc2_Cdc13,23.245640131017687,10,0.5535714285714285,0
ginsim_2008-fission-yeast-cell-cycle_fissionYeastDavidich2008Modified.json,Ste9,11.929258408636976,4,0.09821428571428571,0
ginsim_2008-fission-yeast-cell-cycle_fissionYeastDavidich2008Modified.json,PP,16.40051546267106,5,0.03571428571428571,0
ginsim_2008-fission-yeast-cell-cycle_fissionYeastDavidich2008Modified.json,Wee1_Mik1,12.937808712000901,3,0.008928571428571428,0
ginsim_2008-fission-yeast-cell-cycle_fissionYeastDavidich2008Modified.json,Slp1,13.915088635500815,3,0.125,0
ginsim_2008-fission-yeast-cell-cycle_fissionYeastDavidich2008Modified.json,Rum1,14.493624867062543,4,0.09821428571428571,0
ginsim_2008-fission-yeast-cell-cycle_fissionYeastDavidich2008Modified.json,SK,12.348048042776924,3,0.125,0
ginsim_default_ImmuneCheckpointInhibitors.json,IFNGR,1.1664079723543637,2,0.010096153846153847,0
ginsim_default_ImmuneCheckpointInhibitors.json,IL27R,1.2115652569804354,3,0.010817307692307692,0
ginsim_default_ImmuneCheckpointInhibitors.json,TGFbR,1.132019185707918,2,0.00985576923076923,0
ginsim_default_ImmuneCheckpointInhibitors.json,PD1,2.8283067045978214,11,0.08962854853479854,0
ginsim_default_ImmuneCheckpointInhibitors.json,CTLA4,2.4303862875811433,8,0.050360576923076925,1
ginsim_default_ImmuneCheckpointInhibitors.json,NFkB,10.551036026426544,6,0.03380093864468865,0
ginsim_default_ImmuneCheckpointInhibitors.json,MAPKs,13.8551964555881,8,0.09545787545787546,0
ginsim_default_ImmuneCheckpointInhibitors.json,Ca_NFAT,12.990491146239407,10,0.10558493589743592,0
ginsim_default_ImmuneCheckpointInhibitors.json,PI3K_AKT,6.651045739702056,11,0.15736378205128207,0
ginsim_default_ImmuneCheckpointInhibitors.json,Tbet,0.370743401914126,7,0.06636904761904762,0
ginsim_default_ImmuneCheckpointInhibitors.json,FOXP3,11.31152288001968,17,0.20943910256410264,0
ginsim_default_ImmuneCheckpointInhibitors.json,FOXO1,1.1267452368593638,3,0.02353766025641026,0
ginsim_default_ImmuneCheckpointInhibitors.json,TCR,0.652704957809533,4,0.09791666666666668,0
ginsim_default_ImmuneCheckpointInhibitors.json,CD4,0.18261571464881854,3,0.005208333333333333,0
ginsim_default_ImmuneCheckpointInhibitors.json,CD28,3.283563190643065,5,0.0430448717948718,0
ginsim_default_ImmuneCheckpointInhibitors.json,LAT_complex,4.172488383691643,5,0.09286858974358976,0
ginsim_default_ImmuneCheckpointInhibitors.json,VAV,2.468722713489427,4,0.041526442307692306,0
ginsim_default_ImmuneCheckpointInhibitors.json,PLCG,1.8256903239980886,2,0.01079727564102564,0
ginsim_default_ImmuneCheckpointInhibitors.json,PKC_teta,1.7708435192117804,2,0.0024639423076923076,0
ginsim_default_ImmuneCheckpointInhibitors.json,TIM3,4.468846106121617,6,0.028961195054945058,0
ginsim_default_ImmuneCheckpointInhibitors.json,TIGIT,3.931809960682358,6,0.05258413461538461,0
ginsim_default_ImmuneCheckpointInhibitors.json,TNFRs,7.254436013677633,8,0.034101419413919414,0
ginsim_default_ImmuneCheckpointInhibitors.json,ICOS,13.753716634146144,10,0.11287145146520146,0
ginsim_default_ImmuneCheckpointInhibitors.json,TRAFs,2.434693415684876,3,0.029053342490842494,0
ginsim_default_ImmuneCheckpointInhibitors.json,CK2,-1.4828271959704296,2,0.021274038461538466,0
ginsim_default_ImmuneCheckpointInhibitors.json,PTEN,1.1028523113674282,2,0.01622596153846154,0
ginsim_default_ImmuneCheckpointInhibitors.json,PP2A,1.6113792268586735,2,0.003221153846153846,0
ginsim_default_ImmuneCheckpointInhibitors.json,SHIP,1.3770158526268403,2,0.011578525641025642,0
ginsim_default_ImmuneCheckpointInhibitors.json,SHP,0.8354135174013209,3,0.04864297161172162,0
ginsim_default_ImmuneCheckpointInhibitors.json,LAG3,1.5530756950168438,8,0.06709764194139192,0
ginsim_default_ImmuneCheckpointInhibitors.json,AP1,1.4172012026579637,5,0.008679029304029303,0
ginsim_default_ImmuneCheckpointInhibitors.json,YY1,0.6960035795140129,3,0.022936698717948723,0
ginsim_default_ImmuneCheckpointInhibitors.json,NFAT,0.9441840294275039,5,0.012648237179487178,0
ginsim_default_ImmuneCheckpointInhibitors.json,LCK_FYN,0.8973817006232707,4,0.058448374542124544,0
ginsim_default_ImmuneCheckpointInhibitors.json,STAT1,1.3291750302210232,4,0.026345009157509158,0
ginsim_default_ImmuneCheckpointInhibitors.json,SMAD2_3,1.12844766481183,4,0.045612980769230774,0
ginsim_default_ImmuneCheckpointInhibitors.json,SMAD7,0.10550083365905039,2,0.030949519230769232,0
ginsim_default_ImmuneCheckpointInhibitors.json,STAT3,1.1623370561188153,5,0.01403960622710623,0
ginsim_default_ImmuneCheckpointInhibitors.json,NFIL3,1.6042702839484946,7,0.026187614468864466,0
ginsim_default_ImmuneCheckpointInhibitors.json,GRB2,0.4839557177056406,2,0.00985576923076923,0
ginsim_default_ImmuneCheckpointInhibitors.json,CD80_86,0.5385410040076124,2,0.0,0
ginsim_default_ImmuneCheckpointInhibitors.json,LAG3_L,0.3290044614659564,1,0.0,0
ginsim_default_ImmuneCheckpointInhibitors.json,TIM3_L,0.490818295699313,1,0.0,0
ginsim_default_ImmuneCheckpointInhibitors.json,TIGIT_L,0.5753473083718177,2,0.0,0
ginsim_default_ImmuneCheckpointInhibitors.json,PD1_L,0.4505241226929684,1,0.0,0
ginsim_default_ImmuneCheckpointInhibitors.json,MHCII,0.6277271820860335,2,0.0,0
ginsim_default_ImmuneCheckpointInhibitors.json,MHCI,0.45744644926998035,1,0.0,0
ginsim_default_ImmuneCheckpointInhibitors.json,Antigen,0.5171071897049728,1,0.0,0
ginsim_default_ImmuneCheckpointInhibitors.json,CD8,0.5954886378526112,2,0.00985576923076923,0
ginsim_default_ImmuneCheckpointInhibitors.json,GSK3,0.7171829197463921,3,0.04139823717948718,0
ginsim_default_ImmuneCheckpointInhibitors.json,TNFRs_L,0.5161027384313286,1,0.0,0
ginsim_default_ImmuneCheckpointInhibitors.json,ICOS_L,0.5161027384313286,1,0.0,0
ginsim_default_ImmuneCheckpointInhibitors.json,IFNG,0.45067909600609823,1,0.0,0
ginsim_default_ImmuneCheckpointInhibitors.json,IL27,0.4757717874779246,1,0.0,0
ginsim_default_ImmuneCheckpointInhibitors.json,TGFb,0.491632081509465,1,0.0,0
ginsim_default_ImmuneCheckpointInhibitors.json,Proliferation_Survival,0.7367443544017647,2,0.0,0
ginsim_default_ImmuneCheckpointInhibitors.json,Treg,0.5757685459057029,1,0.0,0
ginsim_default_ImmuneCheckpointInhibitors.json,IL2,0.768399894798705,4,0.002704326923076923,0
ginsim_default_ImmuneCheckpointInhibitors.json,Th1_CTL,0.8630907623113444,2,0.0,0
ginsim_default_ImmuneCheckpointInhibitors.json,CD226,0.7442416790080983,3,0.027103365384615385,0
ginsim_default_ImmuneCheckpointInhibitors.json,PRDM1,2.136421655891553,6,0.006206501831501831,0
ginsim_default_ImmuneCheckpointInhibitors.json,MAF,1.932269118925035,5,0.0041254578754578745,0
ginsim_default_ImmuneCheckpointInhibitors.json,anti_CTLA4,0.6511702188666391,1,0.0,0
ginsim_default_ImmuneCheckpointInhibitors.json,IL12R,0.5557137131139314,2,0.010096153846153847,0
ginsim_default_ImmuneCheckpointInhibitors.json,STAT4,0.5759112814824903,2,0.01971153846153846,0
ginsim_default_ImmuneCheckpointInhibitors.json,IL12,0.5360523096725842,1,0.0,0
ginsim_default_T_LGL.json,Cyt_sign,0.14430675373154145,2,0.0,0
ginsim_default_T_LGL.json,GAP,0.26834606932914085,6,0.013072277420611728,0
ginsim_default_T_LGL.json,RANTES,0.1107747403805206,3,0.018751217611533217,0
ginsim_default_T_LGL.json,CTLA4,0.048879180487006124,3,0.0,0
ginsim_default_T_LGL.json,MCL1,0.5102567752230129,6,0.03466691841180444,0
ginsim_default_T_LGL.json,PLCG1,0.21043116238303128,4,0.0012663159945451002,0
ginsim_default_T_LGL.json,P2,-0.06728941485158657,4,0.01548801870251315,0
ginsim_default_T_LGL.json,Stimuli,-0.531317026728459,2,0.0,0
ginsim_default_T_LGL.json,Caspase,0.675857878493332,8,0.3265338531849344,0
ginsim_default_T_LGL.json,IL2RAT,0.2375308376368821,5,0.004240535099681797,0
ginsim_default_T_LGL.json,TPL2,0.17533677152556493,5,0.01803874092009685,0
ginsim_default_T_LGL.json,FasT,0.15277000445712474,5,0.0130152236230553,0
ginsim_default_T_LGL.json,Stimuli2,-0.5069637736966683,1,0.0,0
ginsim_default_T_LGL.json,Tbet,0.3649349222349656,6,0.06286394461438297,0
ginsim_default_T_LGL.json,IFNg,1.188903585876858,12,0.12078803396746114,0
ginsim_default_T_LGL.json,sFas,-0.010636165799439823,3,0.0,0
ginsim_default_T_LGL.json,MEK,0.16348949319834105,3,0.010448498511035038,0
ginsim_default_T_LGL.json,IL2RA,0.4049089483623902,4,0.016368641748536545,0
ginsim_default_T_LGL.json,Proliferation,0.19662915527874247,3,0.0,0
ginsim_default_T_LGL.json,CD45,-0.4075803494576462,2,0.0,0
ginsim_default_T_LGL.json,FasL,0.7391871090670747,6,0.020302802593860452,0
ginsim_default_T_LGL.json,FYN,0.3676279176420394,5,0.024664287105841752,0
ginsim_default_T_LGL.json,Ceramide,0.13923902607797345,5,0.021399348751774232,0
ginsim_default_T_LGL.json,GPCR,-0.4052591389404938,3,0.0054061952074810045,0
ginsim_default_T_LGL.json,IAP,0.4146281586959617,6,0.04199464166588655,0
ginsim_default_T_LGL.json,FLIP,0.9234821957678605,7,0.051201671891327065,0
ginsim_default_T_LGL.json,IL2RBT,-0.9245921540263566,4,0.020340374606885418,0
ginsim_default_T_LGL.json,TNF,-0.2649263087447764,4,0.004821741671537112,0
ginsim_default_T_LGL.json,IL2RB,6.096976728626316,9,0.059313452636070976,0
ginsim_default_T_LGL.json,SOCS,3.359453219333318,5,0.0020762016086387797,0
ginsim_default_T_LGL.json,Apoptosis,50.61120292824373,54,0.3221151989123935,0
ginsim_default_T_LGL.json,CREB,-4.070316661955701,5,0.02060198714202221,0
ginsim_default_T_LGL.json,SMAD,-5.387996757996518,3,0.018702513150204558,0
ginsim_default_T_LGL.json,GRB2,0.4905995719810221,5,0.08491171631148252,0
ginsim_default_T_LGL.json,Fas,-4.369815779946066,6,0.044495004313823715,0
ginsim_default_T_LGL.json,STAT3,1.4334219512208506,10,0.05516724816841707,1
ginsim_default_T_LGL.json,ERK,-1.1345383206318047,6,0.03810428320948484,0
ginsim_default_T_LGL.json,JAK,9.313074916953724,10,0.12924017666858112,0
ginsim_default_T_LGL.json,IL2,1.4968826832418927,12,0.08923287732463651,0
ginsim_default_T_LGL.json,BclxL,0.5632360394457692,7,0.005933953376969155,0
ginsim_default_T_LGL.json,RAS,1.3810596605948149,7,0.12924738745895964,0
ginsim_default_T_LGL.json,P27,-0.0014166209973609512,3,0.0,0
ginsim_default_T_LGL.json,LCK,1.1367091255058597,6,0.02007367024170063,0
ginsim_default_T_LGL.json,A20,-0.18242649003980205,3,0.0023378141437755697,0
ginsim_default_T_LGL.json,ZAP70,-0.050260407943937935,5,0.06080973380798044,0
ginsim_default_T_LGL.json,BID,0.5014253921218597,8,0.0680487453646425,0
ginsim_default_T_LGL.json,NFkB,2.362500074438259,17,0.19104266974664405,0
ginsim_default_T_LGL.json,TRADD,0.9662376058980726,6,0.027548634883526754,0
ginsim_default_T_LGL.json,GZMB,1.0350626338524478,7,0.11398423156167165,0
ginsim_default_T_LGL.json,PDGFR,0.3974642847597636,7,0.03397623222287161,0
ginsim_default_T_LGL.json,PDGF,-0.5052113888567646,1,0.0,0
ginsim_default_T_LGL.json,SPHK1,-0.0764632297448884,3,0.0024547048509643483,0
ginsim_default_T_LGL.json,IFNgT,0.10749793440325561,5,0.009937818529285507,0
ginsim_default_T_LGL.json,IL15,-0.10722336227576079,4,0.0,0
ginsim_default_T_LGL.json,PI3K,0.3765786207705446,8,0.15411936430346712,0
ginsim_default_T_LGL.json,DISC,0.6029474942664592,9,0.0953584859195613,0
ginsim_default_T_LGL.json,TCR,0.14019722304257698,6,0.01733878823300214,0
ginsim_default_T_LGL.json,TAX,-0.22172798458890952,1,0.0,0
ginsim_default_T_LGL.json,NFAT,0.06865355589712863,5,0.022268375497481282,0
ginsim_default_T_LGL.json,S1P,0.18712715890734444,6,0.025248392752776155,0
