threshold,project,patient_id,normal_sample,tumor_sample,mutation_count,n_nodes,edges_normal,edges_tumor,D_normal,D_tumor,Delta_D
0.5,TCGA-BRCA,TCGA-BRCA__TCGA-A7-A0CE,23bf74db-bb4e-44c5-8473-e651b818e460__308e15c9-16b0-4f24-b9dc-e9dc91038579.rna_seq.augmented_star_gene_counts.tsv,04e03ae1-b2f3-446d-862d-172fea6320de__58b399a0-3070-44aa-9a40-f0e2c0fea0fc.rna_seq.augmented_star_gene_counts.tsv,2,10,11,10,46.52173688921984,42.389485875244674,-4.132251013975164
0.5,TCGA-BRCA,TCGA-BRCA__TCGA-A7-A0D9,baec6a46-7c48-41ed-a8a9-eef52d32cba3__eb17c782-c3a1-458d-8e2d-cadb58c7655a.rna_seq.augmented_star_gene_counts.tsv,69aebf68-5357-4269-84fb-ee91a6bd67fd__8f4d89ea-3207-4fa7-9898-9b78cb971577.rna_seq.augmented_star_gene_counts.tsv,4,10,11,8,46.52173688921984,39.391003005722474,-7.1307338834973635
0.5,TCGA-BRCA,TCGA-BRCA__TCGA-A7-A0DC,9e056a2a-a643-478a-b96c-85d5221f487a__c6a90de3-979b-46b0-9f84-2875c1e38742.rna_seq.augmented_star_gene_counts.tsv,3e8cff80-ed17-479c-8327-ca8e71ee7482__0c814cd9-5b2c-4764-9e6a-6ad0403fcd7d.rna_seq.augmented_star_gene_counts.tsv,9,10,11,1,46.52173688921984,24.316861542969963,-22.204875346249874
0.5,TCGA-BRCA,TCGA-BRCA__TCGA-A7-A13E,50260fba-c435-480a-9bb8-f2839ba499a4__1d390e7f-bbbb-45b5-9466-d199f19106b2.rna_seq.augmented_star_gene_counts.tsv,0a511373-8fd3-433a-a5e1-877530d6a239__5991af25-0b64-43d2-867a-6b9713b17af9.rna_seq.augmented_star_gene_counts.tsv,3,10,11,9,46.52173688921984,46.37473878454006,-0.14699810467978125
0.5,TCGA-BRCA,TCGA-BRCA__TCGA-AC-A23H,f45af277-1f94-4cdd-97d4-8ccdbd7ff18e__a41a8b37-2a35-487f-8a4d-ffa0f31b7839.rna_seq.augmented_star_gene_counts.tsv,de98339e-9b13-4def-b3d9-234fdc784cec__1075d95f-6d27-42e1-a67a-73d5247c8a68.rna_seq.augmented_star_gene_counts.tsv,7,10,11,3,46.52173688921984,35.69795171032547,-10.823785178894369
0.5,TCGA-COAD,TCGA-COAD__TCGA-A6-2671,4cf322d0-afa6-4109-aa0e-a25e587619f8__c69a9c54-79cd-45d2-b6ba-68b6a1ac0afc.rna_seq.augmented_star_gene_counts.tsv,9afe56f7-2570-4358-8734-5c94e10e83d1__43c9d567-691b-4f12-b083-c6eeeff8e453.rna_seq.augmented_star_gene_counts.tsv,9,10,11,1,46.52173688921984,24.57536566509977,-21.946371224120067
0.5,TCGA-COAD,TCGA-COAD__TCGA-A6-2675,cc6e41a2-f851-4a1a-a7b7-91db1076d6ee__796775e9-e68a-4fb5-bdc5-d9ce33a981d9.rna_seq.augmented_star_gene_counts.tsv,791f56f1-2e3c-42a1-bead-fe38e9000eae__1b192a49-01cb-4459-a7a7-fdebe428f386.rna_seq.augmented_star_gene_counts.tsv,6,10,11,4,46.52173688921984,35.20045205085466,-11.32128483836518
0.5,TCGA-COAD,TCGA-COAD__TCGA-A6-2678,35c3dc03-a8cc-46e1-b5f6-4106ff5875f6__afdac76a-b30c-4fc9-acfc-3c4c76828d12.rna_seq.augmented_star_gene_counts.tsv,ac731d82-8a46-4e68-baba-401977b5ac9f__cb6e4e0c-6f89-4ea5-a89d-1b0da8cf7fac.rna_seq.augmented_star_gene_counts.tsv,9,10,11,1,46.52173688921984,27.52420499793075,-18.99753189128909
0.5,TCGA-COAD,TCGA-COAD__TCGA-A6-2679,8de9cb61-cdb8-47f3-8c83-8ebaac2d0cb4__f14f75eb-ca4e-4503-9da9-75981dbd3a2e.rna_seq.augmented_star_gene_counts.tsv,24678a85-dba7-4e0f-8ba8-feeb0652681c__131e315e-6653-4199-b653-42b81644dad9.rna_seq.augmented_star_gene_counts.tsv,10,10,11,0,46.52173688921984,17.124484848442144,-29.397252040777694
0.5,TCGA-COAD,TCGA-COAD__TCGA-A6-2680,eb39fa39-ad3c-406f-b6dc-86b68419877d__1192c1a7-ec36-4f8e-bfbd-67071eb044af.rna_seq.augmented_star_gene_counts.tsv,9e632342-a45b-4bd1-87d1-0e53a32f4c18__26251cd8-7e90-46bb-a025-1328d83c83ee.rna_seq.augmented_star_gene_counts.tsv,9,10,11,1,46.52173688921984,24.57536566509977,-21.946371224120067
0.5,TCGA-HNSC,TCGA-HNSC__TCGA-CV-6933,b6a38e2a-0044-4d7c-a223-1bf169d4e088__298480f0-283e-4f33-8d94-349e14c398c0.rna_seq.augmented_star_gene_counts.tsv,24d7be4b-6e28-466b-a6ee-a514b4d680cf__7a0ce15a-2955-4e6e-8f5f-bc9624312e39.rna_seq.augmented_star_gene_counts.tsv,4,10,11,8,46.52173688921984,42.194746674227694,-4.3269902149921435
0.5,TCGA-HNSC,TCGA-HNSC__TCGA-CV-6934,ac1b4443-36d4-4cb0-8297-6edae4520c9d__fdcd32e4-2c80-4215-a64f-9e33d5eb68db.rna_seq.augmented_star_gene_counts.tsv,edf5ea47-414a-4e58-be4e-942e749a4733__778c044c-a40b-4dc3-a109-ec33a8ffef4d.rna_seq.augmented_star_gene_counts.tsv,6,10,11,5,46.52173688921984,38.097424758472535,-8.424312130747303
0.5,TCGA-HNSC,TCGA-HNSC__TCGA-CV-6935,f3d1399d-7cae-4daf-a37c-78cc625887e2__760162d1-15ae-4c50-aa69-0f96e0226f7f.rna_seq.augmented_star_gene_counts.tsv,66d6462f-5fe9-48ce-ba8b-0b470e1aefbe__d7db4397-6519-425c-afae-29bd1b481205.rna_seq.augmented_star_gene_counts.tsv,2,10,11,9,46.52173688921984,43.48275289481169,-3.0389839944081487
0.5,TCGA-HNSC,TCGA-HNSC__TCGA-CV-6936,049fed5d-ea56-4406-8db9-0118d23c490b__0cc54997-16b1-41ec-9e22-e9618a890158.rna_seq.augmented_star_gene_counts.tsv,8fae59bb-c8bd-4125-8c8e-7908eebb5609__ed60b91e-dc3d-4d44-a028-f3b984c5338a.rna_seq.augmented_star_gene_counts.tsv,5,10,11,7,46.52173688921984,41.17238775357774,-5.3493491356421
0.5,TCGA-HNSC,TCGA-HNSC__TCGA-CV-6938,3b566d79-cc7f-4bfc-a18d-c3598f87035a__d3feaf5b-68fd-4df3-a30f-af8fcd5a5ed8.rna_seq.augmented_star_gene_counts.tsv,0486cbe7-ea63-4a75-8bad-7e95993b34ce__bf95f48b-ab11-4950-9bbe-8f4e7445dca1.rna_seq.augmented_star_gene_counts.tsv,9,10,11,1,46.52173688921984,27.52420499793075,-18.99753189128909
0.5,TCGA-KIRC,TCGA-KIRC__TCGA-A3-3358,ca47a7ca-d9aa-4140-a74b-4a1c75fe9ad9__bb71d96c-d14e-4e9c-be07-17534f4b541b.rna_seq.augmented_star_gene_counts.tsv,7af3ee8b-cb9e-47b9-9ddb-16006b20cb17__ac870378-2167-47c8-b906-fb18c59e1bcb.rna_seq.augmented_star_gene_counts.tsv,7,10,11,4,46.52173688921984,36.960633852687636,-9.561103036532202
0.5,TCGA-KIRC,TCGA-KIRC__TCGA-A3-3387,02c1c266-473f-437d-b768-20f685349ecb__8a31c02d-a429-4d4e-a461-8024bea95b1a.rna_seq.augmented_star_gene_counts.tsv,c8c7259b-9f5e-4dfc-b915-d98b02eba28b__e895bcd8-5a29-4666-ab19-7e29840375cc.rna_seq.augmented_star_gene_counts.tsv,6,10,11,6,46.52173688921984,36.96328024681251,-9.558456642407329
0.5,TCGA-KIRC,TCGA-KIRC__TCGA-B0-4700,6ec7b719-0f95-4108-8e26-a7049e29d495__ae21852f-75e2-4333-a624-0875028252d3.rna_seq.augmented_star_gene_counts.tsv,f34985d8-172b-4fae-8d06-989e7dc4dc06__a5a4db2a-7906-4519-9223-0f47cd377fb5.rna_seq.augmented_star_gene_counts.tsv,5,10,11,6,46.52173688921984,40.85641665896874,-5.665320230251098
0.5,TCGA-KIRC,TCGA-KIRC__TCGA-B0-4712,0498e4e5-f3cc-4fa5-9686-099ab9e435f4__59fe9111-5941-4230-9795-7df8064015a5.rna_seq.augmented_star_gene_counts.tsv,7f16d20f-07e2-4901-ae00-4da70125e8a3__0cf6e899-af6e-44ac-a6c7-5f3fa68ea255.rna_seq.augmented_star_gene_counts.tsv,6,10,11,4,46.52173688921984,33.51183316767241,-13.009903721547431
0.5,TCGA-KIRC,TCGA-KIRC__TCGA-B0-5402,bf080139-5562-4d85-8a56-19bc15e80357__01b48ab6-4c3b-4b40-89a6-55d64017770d.rna_seq.augmented_star_gene_counts.tsv,7b3da303-63a6-4bd7-ab94-cf6e38dfe1e0__311272c7-bfd6-470e-a108-854c7f30576f.rna_seq.augmented_star_gene_counts.tsv,6,10,11,5,46.52173688921984,37.32778533323332,-9.193951555986516
0.5,TCGA-KIRP,TCGA-KIRP__TCGA-A4-A4ZT,febc3e29-383d-43a3-bdc9-68998d0d05e5__7133a006-a002-4748-b59f-b531878ab4b5.rna_seq.augmented_star_gene_counts.tsv,e0c1cdbb-08ef-449a-8d50-22ab8ca51cb9__b3728f8d-45b0-4fe5-b165-1ec1ec75bde4.rna_seq.augmented_star_gene_counts.tsv,8,10,11,2,46.52173688921984,25.561974040806497,-20.95976284841334
0.5,TCGA-KIRP,TCGA-KIRP__TCGA-A4-A57E,848d6433-ea39-458a-ad29-748a43fc066e__25d83a91-28f9-4389-96e5-2c21b09dadc8.rna_seq.augmented_star_gene_counts.tsv,708b9e5c-d93e-4c53-9f9f-b3ce7f414416__d7d45828-39f6-46f8-8e54-0848e3725aca.rna_seq.augmented_star_gene_counts.tsv,6,10,11,4,46.52173688921984,37.848324158467115,-8.673412730752723
0.5,TCGA-KIRP,TCGA-KIRP__TCGA-B9-4115,1b20bd1e-95de-4a14-9245-e92523e1f307__8c2873db-5e99-4c10-81f9-3100d95aeff9.rna_seq.augmented_star_gene_counts.tsv,5669db25-1d5f-49ea-98f2-80da6c6d1205__a4ac4fe0-886f-4bed-a2dd-a118a7303b9c.rna_seq.augmented_star_gene_counts.tsv,7,10,11,4,46.52173688921984,38.596169782021065,-7.925567107198773
0.5,TCGA-KIRP,TCGA-KIRP__TCGA-BQ-5875,d1428071-d98b-46f7-a950-971c6d8b0850__0b2419f2-dfd1-40f3-ab3b-e9bcdc1cc23d.rna_seq.augmented_star_gene_counts.tsv,5f546050-bd02-4240-a036-8a8cd5b93bbf__45757ee8-9ee6-4b06-96b3-92c4ed342025.rna_seq.augmented_star_gene_counts.tsv,6,10,11,5,46.52173688921984,40.05596195088498,-6.46577493833486
0.5,TCGA-KIRP,TCGA-KIRP__TCGA-BQ-5877,091d9ed1-6127-4b37-b2d5-a463b28e2e9e__c8d14d90-63a8-4576-ae80-ef8582792d16.rna_seq.augmented_star_gene_counts.tsv,dcb89df3-3699-45fb-a636-9bff204ff377__e47989a4-a2f7-46b7-9244-c91e0ae0ee0f.rna_seq.augmented_star_gene_counts.tsv,6,10,11,5,46.52173688921984,37.6174159453346,-8.904320943885239
0.5,TCGA-LIHC,TCGA-LIHC__TCGA-BC-A10Q,6e812349-35e7-44e7-ac7c-a4bc19d81fd0__14fc153e-3cb3-4d3f-8259-b73a436f3d0b.rna_seq.augmented_star_gene_counts.tsv,df736f4c-b9d6-4805-bd7d-7bc6d92174d7__e576f331-424e-43f0-af27-20e07d91c826.rna_seq.augmented_star_gene_counts.tsv,9,10,11,0,46.52173688921984,17.124484848442144,-29.397252040777694
0.5,TCGA-LIHC,TCGA-LIHC__TCGA-BC-A10R,d139256a-c9e8-417b-90af-c466a58d459d__c0b92413-c9f7-4a67-9ca7-cb065ac9c407.rna_seq.augmented_star_gene_counts.tsv,d80985cc-be01-452c-931c-65fccbe783d9__01a67ac4-91db-4a3d-9137-fe2240acc861.rna_seq.augmented_star_gene_counts.tsv,9,10,11,1,46.52173688921984,24.547376563498105,-21.974360325721733
0.5,TCGA-LIHC,TCGA-LIHC__TCGA-BC-A10T,0dbea4cc-32b6-42af-b4f0-fa0a67b05a7f__ebbdae1d-a199-4577-a73a-77e9c6a55a92.rna_seq.augmented_star_gene_counts.tsv,35c358f0-4afc-4bd3-a0f4-2741134d6f35__533c5b0b-6eda-46c5-9cf0-8c6decb728c9.rna_seq.augmented_star_gene_counts.tsv,7,10,11,2,46.52173688921984,27.50145430688747,-19.020282582332367
0.5,TCGA-LIHC,TCGA-LIHC__TCGA-BC-A10U,1080a7ed-8a78-43fc-a962-35127d9db655__8f7a6ea3-dbbe-4b88-bb00-718a9ce7411d.rna_seq.augmented_star_gene_counts.tsv,bca5a800-5af4-437d-9ce4-7571fb046ba5__ae0c04e0-d029-4432-bcd9-96c3c5d5dcd3.rna_seq.augmented_star_gene_counts.tsv,9,10,11,1,46.52173688921984,19.945832441105082,-26.575904448114755
0.5,TCGA-LIHC,TCGA-LIHC__TCGA-BC-A10W,66cf470a-ec42-4f85-b4b2-bf7e8055a55b__9b5248e9-4b02-4ffc-a3e2-242616d08ed2.rna_seq.augmented_star_gene_counts.tsv,f031e82a-99ac-46fc-abeb-7ad9bd535812__71709b9d-4bb5-443c-89a6-863ddeea86ad.rna_seq.augmented_star_gene_counts.tsv,8,10,11,2,46.52173688921984,31.023995913685066,-15.497740975534771
0.5,TCGA-LUAD,TCGA-LUAD__TCGA-38-4625,661b6fed-d56a-452b-adaa-4b48ee9f4dbb__bc46dd0e-3136-4d9b-8fc3-dee56d6e39cf.rna_seq.augmented_star_gene_counts.tsv,242a2880-95da-453f-892d-fafd49a4865e__9301f86d-9d6f-4aa6-a640-a543b5aea5db.rna_seq.augmented_star_gene_counts.tsv,8,10,11,3,46.52173688921984,34.99633509591471,-11.525401793305129
0.5,TCGA-LUAD,TCGA-LUAD__TCGA-38-4626,e6e83fd4-2f80-44e1-8dce-588a37308dbb__f4a76e18-60fa-4ef2-91ef-e2d7a1d11c8d.rna_seq.augmented_star_gene_counts.tsv,d1a18468-9c02-4d61-8e3e-43a6d23d402e__9bfd464b-419a-43c0-929a-c1d219713a6f.rna_seq.augmented_star_gene_counts.tsv,10,10,11,0,46.52173688921984,17.124484848442144,-29.397252040777694
0.5,TCGA-LUAD,TCGA-LUAD__TCGA-38-4627,5a37129a-9672-4fda-8576-e7de1db7b2c2__be000bb2-fe39-4153-b000-df89033d412a.rna_seq.augmented_star_gene_counts.tsv,08971a88-cb64-4030-93e5-08d77d2ed654__978fb63c-dae9-4037-81c9-598e87341931.rna_seq.augmented_star_gene_counts.tsv,3,10,11,9,46.52173688921984,42.07285208002682,-4.448884809193018
0.5,TCGA-LUAD,TCGA-LUAD__TCGA-38-4632,54a00dd0-503f-471f-88e4-8d6fcdcf8483__1b22e14e-321b-4609-9aa2-9df6285ca948.rna_seq.augmented_star_gene_counts.tsv,665a7af8-9c2d-4a31-9a22-da89fc7107b2__6f53a60f-3be2-48df-a15a-4675e99efba1.rna_seq.augmented_star_gene_counts.tsv,7,10,11,3,46.52173688921984,30.199320081364736,-16.322416807855102
0.5,TCGA-LUAD,TCGA-LUAD__TCGA-44-2655,d4778869-f3f2-481b-ab02-65a654128766__11d52676-7017-48b4-872a-cefb91b8651c.rna_seq.augmented_star_gene_counts.tsv,eac5ebd0-d788-4908-8eb7-976d6b611667__b8e8f06f-a5a9-4d16-b39f-585dcee31087.rna_seq.augmented_star_gene_counts.tsv,4,10,11,7,46.52173688921984,34.193362626068335,-12.328374263151503
0.5,TCGA-LUSC,TCGA-LUSC__TCGA-22-4593,b43ead60-cb91-489a-88f1-169086a28ed9__f192623a-b1f4-4238-b720-a5c62bab30ab.rna_seq.augmented_star_gene_counts.tsv,02cea26c-3987-41a8-b040-d6a72fc7a220__1ca4850a-5354-47ac-8f9b-a7b774c96217.rna_seq.augmented_star_gene_counts.tsv,5,10,11,6,46.52173688921984,36.432674231857725,-10.089062657362113
0.5,TCGA-LUSC,TCGA-LUSC__TCGA-22-4609,17d01bba-1ae8-4205-ae80-2db88489fa84__1391394a-a310-49a6-8c2c-401fb358ea59.rna_seq.augmented_star_gene_counts.tsv,7d1231c0-6ff0-4ef0-98a3-3b77ed9298bc__eb23a0d5-3a04-4cc8-aca2-448e72a8360a.rna_seq.augmented_star_gene_counts.tsv,2,10,11,8,46.52173688921984,42.778311246113105,-3.7434256431067325
0.5,TCGA-LUSC,TCGA-LUSC__TCGA-22-5471,afcab3fd-65b3-463a-86c7-ca84d580db00__0aa2c4f2-1b47-4ecb-9923-7e79471db6bb.rna_seq.augmented_star_gene_counts.tsv,7a9de79e-7eaf-41f3-b7fd-bd59cbf64443__c3f12570-a4ac-4222-9cba-e768ad282eaa.rna_seq.augmented_star_gene_counts.tsv,7,10,11,4,46.52173688921984,27.613062812738956,-18.90867407648088
0.5,TCGA-LUSC,TCGA-LUSC__TCGA-22-5472,fc8ef0dc-9a48-4eba-aeb6-9eec106739ca__32c76d04-75c3-42ae-81bc-580a52dc936a.rna_seq.augmented_star_gene_counts.tsv,c10c6664-2b6f-4486-ae42-d754656c2538__3b9e1cd6-7b59-4a05-a896-9789b317741c.rna_seq.augmented_star_gene_counts.tsv,4,10,11,6,46.52173688921984,40.95909168787923,-5.562645201340608
0.5,TCGA-LUSC,TCGA-LUSC__TCGA-22-5478,f822b8ac-5682-4ae1-8250-9f204fa540ea__2a966908-135d-4362-9590-46febb03b357.rna_seq.augmented_star_gene_counts.tsv,6896f254-0a80-40de-a674-02685d335151__b0a121e1-c084-43e0-89b6-0cf037d5aba1.rna_seq.augmented_star_gene_counts.tsv,3,10,11,7,46.52173688921984,43.32497570280521,-3.1967611864146264
0.5,TCGA-PRAD,TCGA-PRAD__TCGA-CH-5761,a149b835-a3bb-43d8-8b40-3a84bcf46e89__97a3dddc-9e26-4b4e-9eec-e881c3c15c5f.rna_seq.augmented_star_gene_counts.tsv,fded7159-92d4-4aaf-b06b-1169cabdc1fa__9493a088-7cc8-4d7f-ad8b-946b9b9c4a2b.rna_seq.augmented_star_gene_counts.tsv,7,10,11,3,46.52173688921984,31.596582878915605,-14.925154010304233
0.5,TCGA-PRAD,TCGA-PRAD__TCGA-CH-5767,f33f57c5-fbb8-4d9c-8ae4-9800ef8b35f8__027797bd-4b87-414c-953e-7f3a23dbe16e.rna_seq.augmented_star_gene_counts.tsv,11ef7a70-afe8-4882-a705-20623aa0b3fb__3ca55cbb-f5ea-48b3-9f4e-86676042660c.rna_seq.augmented_star_gene_counts.tsv,2,10,11,10,46.52173688921984,47.58356420360781,1.061827314387969
0.5,TCGA-PRAD,TCGA-PRAD__TCGA-CH-5768,207a5cf3-061a-4766-b857-99b807de2649__7f718fea-427e-49d8-bf98-6b18439e093e.rna_seq.augmented_star_gene_counts.tsv,2e7811cc-8e4d-4aa3-b8f8-9eb3e7215d94__e2bdfe73-54cb-448c-8212-8918bba38e31.rna_seq.augmented_star_gene_counts.tsv,3,10,11,9,46.52173688921984,43.302550238473394,-3.219186650746444
0.5,TCGA-PRAD,TCGA-PRAD__TCGA-CH-5769,a0911555-5095-463b-8d22-cb236576e6f6__ddc040fb-0f77-4683-8d72-e38208361e4e.rna_seq.augmented_star_gene_counts.tsv,70fb2f55-a31a-4074-b1fe-bf38968e8654__fd634fc1-ecd0-4e31-8410-64f0a26fb050.rna_seq.augmented_star_gene_counts.tsv,0,10,11,11,46.52173688921984,46.52173688921984,0.0
0.5,TCGA-PRAD,TCGA-PRAD__TCGA-EJ-7115,db540696-d1c7-4853-817b-8f7b0714aa5e__ae453e2d-6a82-49b7-87ef-5835389c70ff.rna_seq.augmented_star_gene_counts.tsv,aa444e19-18fb-40d7-b285-fedf296cfb44__23e41cd5-4268-4cae-8419-39c6f554587c.rna_seq.augmented_star_gene_counts.tsv,2,10,11,10,46.52173688921984,42.61703352119959,-3.9047033680202503
0.5,TCGA-THCA,TCGA-THCA__TCGA-BJ-A28R,217d7f0c-0608-4333-aa65-56044f893f07__5b95f998-93bc-4017-91d7-e71f3a92f0ac.rna_seq.augmented_star_gene_counts.tsv,601a81a1-c2dd-477a-8fc3-5f1ec6ad5b88__a0e3662a-571c-4e80-8126-b5c576374563.rna_seq.augmented_star_gene_counts.tsv,5,10,11,7,46.52173688921984,44.49150083285804,-2.030236056361801
0.5,TCGA-THCA,TCGA-THCA__TCGA-BJ-A28W,1e89aa7b-a07a-4c7e-b353-4698df02953d__e505e775-0084-4acb-b7b1-1f719c0b2a1a.rna_seq.augmented_star_gene_counts.tsv,7f8b655a-383f-4f5c-9967-5cf288ccf234__d98fdc34-a8bc-4265-8934-bd3bc27b7113.rna_seq.augmented_star_gene_counts.tsv,8,10,11,2,46.52173688921984,28.93336324724523,-17.58837364197461
0.5,TCGA-THCA,TCGA-THCA__TCGA-BJ-A28X,584d4a8f-9893-46bb-9cc9-9fa6997390f5__7ac8fff8-0078-4e00-ac25-3145f416311e.rna_seq.augmented_star_gene_counts.tsv,bdfea0b3-b194-411d-8d0e-6b869aea5295__b9a9cf44-65fa-4379-9e6b-8e485e0e22e6.rna_seq.augmented_star_gene_counts.tsv,5,10,11,5,46.52173688921984,38.16029492438267,-8.36144196483717
0.5,TCGA-THCA,TCGA-THCA__TCGA-BJ-A290,3b6600ec-5af2-4b99-90f0-d4931b38424c__bb0ac81a-5149-4492-849e-e55be1b7bcf7.rna_seq.augmented_star_gene_counts.tsv,a82e50a1-98bf-45af-963f-88e0f1a21817__4413cb28-32a4-4ae8-b4c5-6bfe3f19f869.rna_seq.augmented_star_gene_counts.tsv,7,10,11,3,46.52173688921984,36.6783991570248,-9.843337732195039
0.5,TCGA-THCA,TCGA-THCA__TCGA-BJ-A2N7,33a3678a-2f80-4d0d-bfb2-4e081b6a637a__4e413b14-89b4-4a78-8a0d-6c50f073fb40.rna_seq.augmented_star_gene_counts.tsv,a3a9ac28-74b5-493c-8e75-e208ca5a151a__eeb17a33-205e-4c59-a63e-4173517e1df4.rna_seq.augmented_star_gene_counts.tsv,1,10,11,11,46.52173688921984,46.52173688921984,0.0
1.0,TCGA-BRCA,TCGA-BRCA__TCGA-A7-A0CE,23bf74db-bb4e-44c5-8473-e651b818e460__308e15c9-16b0-4f24-b9dc-e9dc91038579.rna_seq.augmented_star_gene_counts.tsv,04e03ae1-b2f3-446d-862d-172fea6320de__58b399a0-3070-44aa-9a40-f0e2c0fea0fc.rna_seq.augmented_star_gene_counts.tsv,2,10,11,10,46.52173688921984,42.389485875244674,-4.132251013975164
1.0,TCGA-BRCA,TCGA-BRCA__TCGA-A7-A0D9,baec6a46-7c48-41ed-a8a9-eef52d32cba3__eb17c782-c3a1-458d-8e2d-cadb58c7655a.rna_seq.augmented_star_gene_counts.tsv,69aebf68-5357-4269-84fb-ee91a6bd67fd__8f4d89ea-3207-4fa7-9898-9b78cb971577.rna_seq.augmented_star_gene_counts.tsv,2,10,11,9,46.52173688921984,41.37922604747645,-5.142510841743388
1.0,TCGA-BRCA,TCGA-BRCA__TCGA-A7-A0DC,9e056a2a-a643-478a-b96c-85d5221f487a__c6a90de3-979b-46b0-9f84-2875c1e38742.rna_seq.augmented_star_gene_counts.tsv,3e8cff80-ed17-479c-8327-ca8e71ee7482__0c814cd9-5b2c-4764-9e6a-6ad0403fcd7d.rna_seq.augmented_star_gene_counts.tsv,8,10,11,1,46.52173688921984,24.316861542969963,-22.204875346249874
1.0,TCGA-BRCA,TCGA-BRCA__TCGA-A7-A13E,50260fba-c435-480a-9bb8-f2839ba499a4__1d390e7f-bbbb-45b5-9466-d199f19106b2.rna_seq.augmented_star_gene_counts.tsv,0a511373-8fd3-433a-a5e1-877530d6a239__5991af25-0b64-43d2-867a-6b9713b17af9.rna_seq.augmented_star_gene_counts.tsv,1,10,11,11,46.52173688921984,46.52173688921984,0.0
1.0,TCGA-BRCA,TCGA-BRCA__TCGA-AC-A23H,f45af277-1f94-4cdd-97d4-8ccdbd7ff18e__a41a8b37-2a35-487f-8a4d-ffa0f31b7839.rna_seq.augmented_star_gene_counts.tsv,de98339e-9b13-4def-b3d9-234fdc784cec__1075d95f-6d27-42e1-a67a-73d5247c8a68.rna_seq.augmented_star_gene_counts.tsv,4,10,11,8,46.52173688921984,41.70665460513762,-4.815082284082216
1.0,TCGA-COAD,TCGA-COAD__TCGA-A6-2671,4cf322d0-afa6-4109-aa0e-a25e587619f8__c69a9c54-79cd-45d2-b6ba-68b6a1ac0afc.rna_seq.augmented_star_gene_counts.tsv,9afe56f7-2570-4358-8734-5c94e10e83d1__43c9d567-691b-4f12-b083-c6eeeff8e453.rna_seq.augmented_star_gene_counts.tsv,7,10,11,3,46.52173688921984,34.26144813755024,-12.260288751669599
1.0,TCGA-COAD,TCGA-COAD__TCGA-A6-2675,cc6e41a2-f851-4a1a-a7b7-91db1076d6ee__796775e9-e68a-4fb5-bdc5-d9ce33a981d9.rna_seq.augmented_star_gene_counts.tsv,791f56f1-2e3c-42a1-bead-fe38e9000eae__1b192a49-01cb-4459-a7a7-fdebe428f386.rna_seq.augmented_star_gene_counts.tsv,1,10,11,10,46.52173688921984,44.61598108086224,-1.905755808357597
1.0,TCGA-COAD,TCGA-COAD__TCGA-A6-2678,35c3dc03-a8cc-46e1-b5f6-4106ff5875f6__afdac76a-b30c-4fc9-acfc-3c4c76828d12.rna_seq.augmented_star_gene_counts.tsv,ac731d82-8a46-4e68-baba-401977b5ac9f__cb6e4e0c-6f89-4ea5-a89d-1b0da8cf7fac.rna_seq.augmented_star_gene_counts.tsv,6,10,11,5,46.52173688921984,38.76206571279038,-7.759671176429457
1.0,TCGA-COAD,TCGA-COAD__TCGA-A6-2679,8de9cb61-cdb8-47f3-8c83-8ebaac2d0cb4__f14f75eb-ca4e-4503-9da9-75981dbd3a2e.rna_seq.augmented_star_gene_counts.tsv,24678a85-dba7-4e0f-8ba8-feeb0652681c__131e315e-6653-4199-b653-42b81644dad9.rna_seq.augmented_star_gene_counts.tsv,10,10,11,0,46.52173688921984,17.124484848442144,-29.397252040777694
1.0,TCGA-COAD,TCGA-COAD__TCGA-A6-2680,eb39fa39-ad3c-406f-b6dc-86b68419877d__1192c1a7-ec36-4f8e-bfbd-67071eb044af.rna_seq.augmented_star_gene_counts.tsv,9e632342-a45b-4bd1-87d1-0e53a32f4c18__26251cd8-7e90-46bb-a025-1328d83c83ee.rna_seq.augmented_star_gene_counts.tsv,9,10,11,1,46.52173688921984,24.57536566509977,-21.946371224120067
1.0,TCGA-HNSC,TCGA-HNSC__TCGA-CV-6933,b6a38e2a-0044-4d7c-a223-1bf169d4e088__298480f0-283e-4f33-8d94-349e14c398c0.rna_seq.augmented_star_gene_counts.tsv,24d7be4b-6e28-466b-a6ee-a514b4d680cf__7a0ce15a-2955-4e6e-8f5f-bc9624312e39.rna_seq.augmented_star_gene_counts.tsv,3,10,11,9,46.52173688921984,44.37991663160795,-2.14182025761189
1.0,TCGA-HNSC,TCGA-HNSC__TCGA-CV-6934,ac1b4443-36d4-4cb0-8297-6edae4520c9d__fdcd32e4-2c80-4215-a64f-9e33d5eb68db.rna_seq.augmented_star_gene_counts.tsv,edf5ea47-414a-4e58-be4e-942e749a4733__778c044c-a40b-4dc3-a109-ec33a8ffef4d.rna_seq.augmented_star_gene_counts.tsv,2,10,11,10,46.52173688921984,45.66481856803438,-0.8569183211854607
1.0,TCGA-HNSC,TCGA-HNSC__TCGA-CV-6935,f3d1399d-7cae-4daf-a37c-78cc625887e2__760162d1-15ae-4c50-aa69-0f96e0226f7f.rna_seq.augmented_star_gene_counts.tsv,66d6462f-5fe9-48ce-ba8b-0b470e1aefbe__d7db4397-6519-425c-afae-29bd1b481205.rna_seq.augmented_star_gene_counts.tsv,0,10,11,11,46.52173688921984,46.52173688921984,0.0
1.0,TCGA-HNSC,TCGA-HNSC__TCGA-CV-6936,049fed5d-ea56-4406-8db9-0118d23c490b__0cc54997-16b1-41ec-9e22-e9618a890158.rna_seq.augmented_star_gene_counts.tsv,8fae59bb-c8bd-4125-8c8e-7908eebb5609__ed60b91e-dc3d-4d44-a028-f3b984c5338a.rna_seq.augmented_star_gene_counts.tsv,2,10,11,9,46.52173688921984,41.37922604747645,-5.142510841743388
1.0,TCGA-HNSC,TCGA-HNSC__TCGA-CV-6938,3b566d79-cc7f-4bfc-a18d-c3598f87035a__d3feaf5b-68fd-4df3-a30f-af8fcd5a5ed8.rna_seq.augmented_star_gene_counts.tsv,0486cbe7-ea63-4a75-8bad-7e95993b34ce__bf95f48b-ab11-4950-9bbe-8f4e7445dca1.rna_seq.augmented_star_gene_counts.tsv,6,10,11,5,46.52173688921984,42.27280289507934,-4.248933994140501
1.0,TCGA-KIRC,TCGA-KIRC__TCGA-A3-3358,ca47a7ca-d9aa-4140-a74b-4a1c75fe9ad9__bb71d96c-d14e-4e9c-be07-17534f4b541b.rna_seq.augmented_star_gene_counts.tsv,7af3ee8b-cb9e-47b9-9ddb-16006b20cb17__ac870378-2167-47c8-b906-fb18c59e1bcb.rna_seq.augmented_star_gene_counts.tsv,5,10,11,7,46.52173688921984,39.404240504163255,-7.117496385056583
1.0,TCGA-KIRC,TCGA-KIRC__TCGA-A3-3387,02c1c266-473f-437d-b768-20f685349ecb__8a31c02d-a429-4d4e-a461-8024bea95b1a.rna_seq.augmented_star_gene_counts.tsv,c8c7259b-9f5e-4dfc-b915-d98b02eba28b__e895bcd8-5a29-4666-ab19-7e29840375cc.rna_seq.augmented_star_gene_counts.tsv,4,10,11,8,46.52173688921984,42.96801338305323,-3.5537235061666053
1.0,TCGA-KIRC,TCGA-KIRC__TCGA-B0-4700,6ec7b719-0f95-4108-8e26-a7049e29d495__ae21852f-75e2-4333-a624-0875028252d3.rna_seq.augmented_star_gene_counts.tsv,f34985d8-172b-4fae-8d06-989e7dc4dc06__a5a4db2a-7906-4519-9223-0f47cd377fb5.rna_seq.augmented_star_gene_counts.tsv,3,10,11,8,46.52173688921984,42.778311246113105,-3.7434256431067325
1.0,TCGA-KIRC,TCGA-KIRC__TCGA-B0-4712,0498e4e5-f3cc-4fa5-9686-099ab9e435f4__59fe9111-5941-4230-9795-7df8064015a5.rna_seq.augmented_star_gene_counts.tsv,7f16d20f-07e2-4901-ae00-4da70125e8a3__0cf6e899-af6e-44ac-a6c7-5f3fa68ea255.rna_seq.augmented_star_gene_counts.tsv,2,10,11,10,46.52173688921984,45.66481856803438,-0.8569183211854607
1.0,TCGA-KIRC,TCGA-KIRC__TCGA-B0-5402,bf080139-5562-4d85-8a56-19bc15e80357__01b48ab6-4c3b-4b40-89a6-55d64017770d.rna_seq.augmented_star_gene_counts.tsv,7b3da303-63a6-4bd7-ab94-cf6e38dfe1e0__311272c7-bfd6-470e-a108-854c7f30576f.rna_seq.augmented_star_gene_counts.tsv,4,10,11,7,46.52173688921984,44.89024452479624,-1.6314923644236003
1.0,TCGA-KIRP,TCGA-KIRP__TCGA-A4-A4ZT,febc3e29-383d-43a3-bdc9-68998d0d05e5__7133a006-a002-4748-b59f-b531878ab4b5.rna_seq.augmented_star_gene_counts.tsv,e0c1cdbb-08ef-449a-8d50-22ab8ca51cb9__b3728f8d-45b0-4fe5-b165-1ec1ec75bde4.rna_seq.augmented_star_gene_counts.tsv,1,10,11,11,46.52173688921984,46.52173688921984,0.0
1.0,TCGA-KIRP,TCGA-KIRP__TCGA-A4-A57E,848d6433-ea39-458a-ad29-748a43fc066e__25d83a91-28f9-4389-96e5-2c21b09dadc8.rna_seq.augmented_star_gene_counts.tsv,708b9e5c-d93e-4c53-9f9f-b3ce7f414416__d7d45828-39f6-46f8-8e54-0848e3725aca.rna_seq.augmented_star_gene_counts.tsv,5,10,11,5,46.52173688921984,41.205529583182326,-5.316207306037512
1.0,TCGA-KIRP,TCGA-KIRP__TCGA-B9-4115,1b20bd1e-95de-4a14-9245-e92523e1f307__8c2873db-5e99-4c10-81f9-3100d95aeff9.rna_seq.augmented_star_gene_counts.tsv,5669db25-1d5f-49ea-98f2-80da6c6d1205__a4ac4fe0-886f-4bed-a2dd-a118a7303b9c.rna_seq.augmented_star_gene_counts.tsv,1,10,11,11,46.52173688921984,46.52173688921984,0.0
1.0,TCGA-KIRP,TCGA-KIRP__TCGA-BQ-5875,d1428071-d98b-46f7-a950-971c6d8b0850__0b2419f2-dfd1-40f3-ab3b-e9bcdc1cc23d.rna_seq.augmented_star_gene_counts.tsv,5f546050-bd02-4240-a036-8a8cd5b93bbf__45757ee8-9ee6-4b06-96b3-92c4ed342025.rna_seq.augmented_star_gene_counts.tsv,1,10,11,11,46.52173688921984,46.52173688921984,0.0
1.0,TCGA-KIRP,TCGA-KIRP__TCGA-BQ-5877,091d9ed1-6127-4b37-b2d5-a463b28e2e9e__c8d14d90-63a8-4576-ae80-ef8582792d16.rna_seq.augmented_star_gene_counts.tsv,dcb89df3-3699-45fb-a636-9bff204ff377__e47989a4-a2f7-46b7-9244-c91e0ae0ee0f.rna_seq.augmented_star_gene_counts.tsv,4,10,11,8,46.52173688921984,35.7308501908461,-10.79088669837374
1.0,TCGA-LIHC,TCGA-LIHC__TCGA-BC-A10Q,6e812349-35e7-44e7-ac7c-a4bc19d81fd0__14fc153e-3cb3-4d3f-8259-b73a436f3d0b.rna_seq.augmented_star_gene_counts.tsv,df736f4c-b9d6-4805-bd7d-7bc6d92174d7__e576f331-424e-43f0-af27-20e07d91c826.rna_seq.augmented_star_gene_counts.tsv,8,10,11,1,46.52173688921984,24.57536566509977,-21.946371224120067
1.0,TCGA-LIHC,TCGA-LIHC__TCGA-BC-A10R,d139256a-c9e8-417b-90af-c466a58d459d__c0b92413-c9f7-4a67-9ca7-cb065ac9c407.rna_seq.augmented_star_gene_counts.tsv,d80985cc-be01-452c-931c-65fccbe783d9__01a67ac4-91db-4a3d-9137-fe2240acc861.rna_seq.augmented_star_gene_counts.tsv,4,10,11,8,46.52173688921984,40.85009568507925,-5.671641204140585
1.0,TCGA-LIHC,TCGA-LIHC__TCGA-BC-A10T,0dbea4cc-32b6-42af-b4f0-fa0a67b05a7f__ebbdae1d-a199-4577-a73a-77e9c6a55a92.rna_seq.augmented_star_gene_counts.tsv,35c358f0-4afc-4bd3-a0f4-2741134d6f35__533c5b0b-6eda-46c5-9cf0-8c6decb728c9.rna_seq.augmented_star_gene_counts.tsv,6,10,11,3,46.52173688921984,33.27953888837927,-13.242198000840567
1.0,TCGA-LIHC,TCGA-LIHC__TCGA-BC-A10U,1080a7ed-8a78-43fc-a962-35127d9db655__8f7a6ea3-dbbe-4b88-bb00-718a9ce7411d.rna_seq.augmented_star_gene_counts.tsv,bca5a800-5af4-437d-9ce4-7571fb046ba5__ae0c04e0-d029-4432-bcd9-96c3c5d5dcd3.rna_seq.augmented_star_gene_counts.tsv,8,10,11,2,46.52173688921984,25.810082051517945,-20.711654837701893
1.0,TCGA-LIHC,TCGA-LIHC__TCGA-BC-A10W,66cf470a-ec42-4f85-b4b2-bf7e8055a55b__9b5248e9-4b02-4ffc-a3e2-242616d08ed2.rna_seq.augmented_star_gene_counts.tsv,f031e82a-99ac-46fc-abeb-7ad9bd535812__71709b9d-4bb5-443c-89a6-863ddeea86ad.rna_seq.augmented_star_gene_counts.tsv,7,10,11,3,46.52173688921984,31.035821349081857,-15.48591554013798
1.0,TCGA-LUAD,TCGA-LUAD__TCGA-38-4625,661b6fed-d56a-452b-adaa-4b48ee9f4dbb__bc46dd0e-3136-4d9b-8fc3-dee56d6e39cf.rna_seq.augmented_star_gene_counts.tsv,242a2880-95da-453f-892d-fafd49a4865e__9301f86d-9d6f-4aa6-a640-a543b5aea5db.rna_seq.augmented_star_gene_counts.tsv,6,10,11,5,46.52173688921984,35.363287627510644,-11.158449261709194
1.0,TCGA-LUAD,TCGA-LUAD__TCGA-38-4626,e6e83fd4-2f80-44e1-8dce-588a37308dbb__f4a76e18-60fa-4ef2-91ef-e2d7a1d11c8d.rna_seq.augmented_star_gene_counts.tsv,d1a18468-9c02-4d61-8e3e-43a6d23d402e__9bfd464b-419a-43c0-929a-c1d219713a6f.rna_seq.augmented_star_gene_counts.tsv,6,10,11,5,46.52173688921984,38.161282670093165,-8.360454219126673
1.0,TCGA-LUAD,TCGA-LUAD__TCGA-38-4627,5a37129a-9672-4fda-8576-e7de1db7b2c2__be000bb2-fe39-4153-b000-df89033d412a.rna_seq.augmented_star_gene_counts.tsv,08971a88-cb64-4030-93e5-08d77d2ed654__978fb63c-dae9-4037-81c9-598e87341931.rna_seq.augmented_star_gene_counts.tsv,1,10,11,11,46.52173688921984,46.52173688921984,0.0
1.0,TCGA-LUAD,TCGA-LUAD__TCGA-38-4632,54a00dd0-503f-471f-88e4-8d6fcdcf8483__1b22e14e-321b-4609-9aa2-9df6285ca948.rna_seq.augmented_star_gene_counts.tsv,665a7af8-9c2d-4a31-9a22-da89fc7107b2__6f53a60f-3be2-48df-a15a-4675e99efba1.rna_seq.augmented_star_gene_counts.tsv,6,10,11,4,46.52173688921984,35.50071961928082,-11.021017269939016
1.0,TCGA-LUAD,TCGA-LUAD__TCGA-44-2655,d4778869-f3f2-481b-ab02-65a654128766__11d52676-7017-48b4-872a-cefb91b8651c.rna_seq.augmented_star_gene_counts.tsv,eac5ebd0-d788-4908-8eb7-976d6b611667__b8e8f06f-a5a9-4d16-b39f-585dcee31087.rna_seq.augmented_star_gene_counts.tsv,1,10,11,11,46.52173688921984,46.52173688921984,0.0
1.0,TCGA-LUSC,TCGA-LUSC__TCGA-22-4593,b43ead60-cb91-489a-88f1-169086a28ed9__f192623a-b1f4-4238-b720-a5c62bab30ab.rna_seq.augmented_star_gene_counts.tsv,02cea26c-3987-41a8-b040-d6a72fc7a220__1ca4850a-5354-47ac-8f9b-a7b774c96217.rna_seq.augmented_star_gene_counts.tsv,2,10,11,9,46.52173688921984,41.37922604747645,-5.142510841743388
1.0,TCGA-LUSC,TCGA-LUSC__TCGA-22-4609,17d01bba-1ae8-4205-ae80-2db88489fa84__1391394a-a310-49a6-8c2c-401fb358ea59.rna_seq.augmented_star_gene_counts.tsv,7d1231c0-6ff0-4ef0-98a3-3b77ed9298bc__eb23a0d5-3a04-4cc8-aca2-448e72a8360a.rna_seq.augmented_star_gene_counts.tsv,1,10,11,10,46.52173688921984,45.66481856803438,-0.8569183211854607
1.0,TCGA-LUSC,TCGA-LUSC__TCGA-22-5471,afcab3fd-65b3-463a-86c7-ca84d580db00__0aa2c4f2-1b47-4ecb-9923-7e79471db6bb.rna_seq.augmented_star_gene_counts.tsv,7a9de79e-7eaf-41f3-b7fd-bd59cbf64443__c3f12570-a4ac-4222-9cba-e768ad282eaa.rna_seq.augmented_star_gene_counts.tsv,1,10,11,9,46.52173688921984,43.48275289481169,-3.0389839944081487
1.0,TCGA-LUSC,TCGA-LUSC__TCGA-22-5472,fc8ef0dc-9a48-4eba-aeb6-9eec106739ca__32c76d04-75c3-42ae-81bc-580a52dc936a.rna_seq.augmented_star_gene_counts.tsv,c10c6664-2b6f-4486-ae42-d754656c2538__3b9e1cd6-7b59-4a05-a896-9789b317741c.rna_seq.augmented_star_gene_counts.tsv,1,10,11,10,46.52173688921984,44.408079676823604,-2.113657212396234
1.0,TCGA-LUSC,TCGA-LUSC__TCGA-22-5478,f822b8ac-5682-4ae1-8250-9f204fa540ea__2a966908-135d-4362-9590-46febb03b357.rna_seq.augmented_star_gene_counts.tsv,6896f254-0a80-40de-a674-02685d335151__b0a121e1-c084-43e0-89b6-0cf037d5aba1.rna_seq.augmented_star_gene_counts.tsv,0,10,11,11,46.52173688921984,46.52173688921984,0.0
1.0,TCGA-PRAD,TCGA-PRAD__TCGA-CH-5761,a149b835-a3bb-43d8-8b40-3a84bcf46e89__97a3dddc-9e26-4b4e-9eec-e881c3c15c5f.rna_seq.augmented_star_gene_counts.tsv,fded7159-92d4-4aaf-b06b-1169cabdc1fa__9493a088-7cc8-4d7f-ad8b-946b9b9c4a2b.rna_seq.augmented_star_gene_counts.tsv,4,10,11,7,46.52173688921984,37.205320125171724,-9.316416764048114
1.0,TCGA-PRAD,TCGA-PRAD__TCGA-CH-5767,f33f57c5-fbb8-4d9c-8ae4-9800ef8b35f8__027797bd-4b87-414c-953e-7f3a23dbe16e.rna_seq.augmented_star_gene_counts.tsv,11ef7a70-afe8-4882-a705-20623aa0b3fb__3ca55cbb-f5ea-48b3-9f4e-86676042660c.rna_seq.augmented_star_gene_counts.tsv,1,10,11,11,46.52173688921984,46.52173688921984,0.0
1.0,TCGA-PRAD,TCGA-PRAD__TCGA-CH-5768,207a5cf3-061a-4766-b857-99b807de2649__7f718fea-427e-49d8-bf98-6b18439e093e.rna_seq.augmented_star_gene_counts.tsv,2e7811cc-8e4d-4aa3-b8f8-9eb3e7215d94__e2bdfe73-54cb-448c-8212-8918bba38e31.rna_seq.augmented_star_gene_counts.tsv,1,10,11,11,46.52173688921984,46.52173688921984,0.0
1.0,TCGA-PRAD,TCGA-PRAD__TCGA-CH-5769,a0911555-5095-463b-8d22-cb236576e6f6__ddc040fb-0f77-4683-8d72-e38208361e4e.rna_seq.augmented_star_gene_counts.tsv,70fb2f55-a31a-4074-b1fe-bf38968e8654__fd634fc1-ecd0-4e31-8410-64f0a26fb050.rna_seq.augmented_star_gene_counts.tsv,0,10,11,11,46.52173688921984,46.52173688921984,0.0
1.0,TCGA-PRAD,TCGA-PRAD__TCGA-EJ-7115,db540696-d1c7-4853-817b-8f7b0714aa5e__ae453e2d-6a82-49b7-87ef-5835389c70ff.rna_seq.augmented_star_gene_counts.tsv,aa444e19-18fb-40d7-b285-fedf296cfb44__23e41cd5-4268-4cae-8419-39c6f554587c.rna_seq.augmented_star_gene_counts.tsv,1,10,11,11,46.52173688921984,46.52173688921984,0.0
1.0,TCGA-THCA,TCGA-THCA__TCGA-BJ-A28R,217d7f0c-0608-4333-aa65-56044f893f07__5b95f998-93bc-4017-91d7-e71f3a92f0ac.rna_seq.augmented_star_gene_counts.tsv,601a81a1-c2dd-477a-8fc3-5f1ec6ad5b88__a0e3662a-571c-4e80-8126-b5c576374563.rna_seq.augmented_star_gene_counts.tsv,1,10,11,11,46.52173688921984,46.52173688921984,0.0
1.0,TCGA-THCA,TCGA-THCA__TCGA-BJ-A28W,1e89aa7b-a07a-4c7e-b353-4698df02953d__e505e775-0084-4acb-b7b1-1f719c0b2a1a.rna_seq.augmented_star_gene_counts.tsv,7f8b655a-383f-4f5c-9967-5cf288ccf234__d98fdc34-a8bc-4265-8934-bd3bc27b7113.rna_seq.augmented_star_gene_counts.tsv,6,10,11,4,46.52173688921984,38.28771519731045,-8.23402169190939
1.0,TCGA-THCA,TCGA-THCA__TCGA-BJ-A28X,584d4a8f-9893-46bb-9cc9-9fa6997390f5__7ac8fff8-0078-4e00-ac25-3145f416311e.rna_seq.augmented_star_gene_counts.tsv,bdfea0b3-b194-411d-8d0e-6b869aea5295__b9a9cf44-65fa-4379-9e6b-8e485e0e22e6.rna_seq.augmented_star_gene_counts.tsv,1,10,11,11,46.52173688921984,46.52173688921984,0.0
1.0,TCGA-THCA,TCGA-THCA__TCGA-BJ-A290,3b6600ec-5af2-4b99-90f0-d4931b38424c__bb0ac81a-5149-4492-849e-e55be1b7bcf7.rna_seq.augmented_star_gene_counts.tsv,a82e50a1-98bf-45af-963f-88e0f1a21817__4413cb28-32a4-4ae8-b4c5-6bfe3f19f869.rna_seq.augmented_star_gene_counts.tsv,1,10,11,11,46.52173688921984,46.52173688921984,0.0
1.0,TCGA-THCA,TCGA-THCA__TCGA-BJ-A2N7,33a3678a-2f80-4d0d-bfb2-4e081b6a637a__4e413b14-89b4-4a78-8a0d-6c50f073fb40.rna_seq.augmented_star_gene_counts.tsv,a3a9ac28-74b5-493c-8e75-e208ca5a151a__eeb17a33-205e-4c59-a63e-4173517e1df4.rna_seq.augmented_star_gene_counts.tsv,0,10,11,11,46.52173688921984,46.52173688921984,0.0
1.5,TCGA-BRCA,TCGA-BRCA__TCGA-A7-A0CE,23bf74db-bb4e-44c5-8473-e651b818e460__308e15c9-16b0-4f24-b9dc-e9dc91038579.rna_seq.augmented_star_gene_counts.tsv,04e03ae1-b2f3-446d-862d-172fea6320de__58b399a0-3070-44aa-9a40-f0e2c0fea0fc.rna_seq.augmented_star_gene_counts.tsv,0,10,11,11,46.52173688921984,46.52173688921984,0.0
1.5,TCGA-BRCA,TCGA-BRCA__TCGA-A7-A0D9,baec6a46-7c48-41ed-a8a9-eef52d32cba3__eb17c782-c3a1-458d-8e2d-cadb58c7655a.rna_seq.augmented_star_gene_counts.tsv,69aebf68-5357-4269-84fb-ee91a6bd67fd__8f4d89ea-3207-4fa7-9898-9b78cb971577.rna_seq.augmented_star_gene_counts.tsv,1,10,11,10,46.52173688921984,45.66481856803438,-0.8569183211854607
1.5,TCGA-BRCA,TCGA-BRCA__TCGA-A7-A0DC,9e056a2a-a643-478a-b96c-85d5221f487a__c6a90de3-979b-46b0-9f84-2875c1e38742.rna_seq.augmented_star_gene_counts.tsv,3e8cff80-ed17-479c-8327-ca8e71ee7482__0c814cd9-5b2c-4764-9e6a-6ad0403fcd7d.rna_seq.augmented_star_gene_counts.tsv,4,10,11,6,46.52173688921984,32.289577941327636,-14.232158947892202
1.5,TCGA-BRCA,TCGA-BRCA__TCGA-A7-A13E,50260fba-c435-480a-9bb8-f2839ba499a4__1d390e7f-bbbb-45b5-9466-d199f19106b2.rna_seq.augmented_star_gene_counts.tsv,0a511373-8fd3-433a-a5e1-877530d6a239__5991af25-0b64-43d2-867a-6b9713b17af9.rna_seq.augmented_star_gene_counts.tsv,1,10,11,11,46.52173688921984,46.52173688921984,0.0
1.5,TCGA-BRCA,TCGA-BRCA__TCGA-AC-A23H,f45af277-1f94-4cdd-97d4-8ccdbd7ff18e__a41a8b37-2a35-487f-8a4d-ffa0f31b7839.rna_seq.augmented_star_gene_counts.tsv,de98339e-9b13-4def-b3d9-234fdc784cec__1075d95f-6d27-42e1-a67a-73d5247c8a68.rna_seq.augmented_star_gene_counts.tsv,3,10,11,9,46.52173688921984,44.37991663160795,-2.14182025761189
1.5,TCGA-COAD,TCGA-COAD__TCGA-A6-2671,4cf322d0-afa6-4109-aa0e-a25e587619f8__c69a9c54-79cd-45d2-b6ba-68b6a1ac0afc.rna_seq.augmented_star_gene_counts.tsv,9afe56f7-2570-4358-8734-5c94e10e83d1__43c9d567-691b-4f12-b083-c6eeeff8e453.rna_seq.augmented_star_gene_counts.tsv,5,10,11,6,46.52173688921984,44.59349564772273,-1.9282412414971049
1.5,TCGA-COAD,TCGA-COAD__TCGA-A6-2675,cc6e41a2-f851-4a1a-a7b7-91db1076d6ee__796775e9-e68a-4fb5-bdc5-d9ce33a981d9.rna_seq.augmented_star_gene_counts.tsv,791f56f1-2e3c-42a1-bead-fe38e9000eae__1b192a49-01cb-4459-a7a7-fdebe428f386.rna_seq.augmented_star_gene_counts.tsv,1,10,11,10,46.52173688921984,44.61598108086224,-1.905755808357597
1.5,TCGA-COAD,TCGA-COAD__TCGA-A6-2678,35c3dc03-a8cc-46e1-b5f6-4106ff5875f6__afdac76a-b30c-4fc9-acfc-3c4c76828d12.rna_seq.augmented_star_gene_counts.tsv,ac731d82-8a46-4e68-baba-401977b5ac9f__cb6e4e0c-6f89-4ea5-a89d-1b0da8cf7fac.rna_seq.augmented_star_gene_counts.tsv,4,10,11,8,46.52173688921984,41.92178610583582,-4.599950783384017
1.5,TCGA-COAD,TCGA-COAD__TCGA-A6-2679,8de9cb61-cdb8-47f3-8c83-8ebaac2d0cb4__f14f75eb-ca4e-4503-9da9-75981dbd3a2e.rna_seq.augmented_star_gene_counts.tsv,24678a85-dba7-4e0f-8ba8-feeb0652681c__131e315e-6653-4199-b653-42b81644dad9.rna_seq.augmented_star_gene_counts.tsv,10,10,11,0,46.52173688921984,17.124484848442144,-29.397252040777694
1.5,TCGA-COAD,TCGA-COAD__TCGA-A6-2680,eb39fa39-ad3c-406f-b6dc-86b68419877d__1192c1a7-ec36-4f8e-bfbd-67071eb044af.rna_seq.augmented_star_gene_counts.tsv,9e632342-a45b-4bd1-87d1-0e53a32f4c18__26251cd8-7e90-46bb-a025-1328d83c83ee.rna_seq.augmented_star_gene_counts.tsv,6,10,11,5,46.52173688921984,43.92225491969886,-2.59948196952098
1.5,TCGA-HNSC,TCGA-HNSC__TCGA-CV-6933,b6a38e2a-0044-4d7c-a223-1bf169d4e088__298480f0-283e-4f33-8d94-349e14c398c0.rna_seq.augmented_star_gene_counts.tsv,24d7be4b-6e28-466b-a6ee-a514b4d680cf__7a0ce15a-2955-4e6e-8f5f-bc9624312e39.rna_seq.augmented_star_gene_counts.tsv,2,10,11,10,46.52173688921984,45.66481856803438,-0.8569183211854607
1.5,TCGA-HNSC,TCGA-HNSC__TCGA-CV-6934,ac1b4443-36d4-4cb0-8297-6edae4520c9d__fdcd32e4-2c80-4215-a64f-9e33d5eb68db.rna_seq.augmented_star_gene_counts.tsv,edf5ea47-414a-4e58-be4e-942e749a4733__778c044c-a40b-4dc3-a109-ec33a8ffef4d.rna_seq.augmented_star_gene_counts.tsv,2,10,11,10,46.52173688921984,45.66481856803438,-0.8569183211854607
1.5,TCGA-HNSC,TCGA-HNSC__TCGA-CV-6935,f3d1399d-7cae-4daf-a37c-78cc625887e2__760162d1-15ae-4c50-aa69-0f96e0226f7f.rna_seq.augmented_star_gene_counts.tsv,66d6462f-5fe9-48ce-ba8b-0b470e1aefbe__d7db4397-6519-425c-afae-29bd1b481205.rna_seq.augmented_star_gene_counts.tsv,0,10,11,11,46.52173688921984,46.52173688921984,0.0
1.5,TCGA-HNSC,TCGA-HNSC__TCGA-CV-6936,049fed5d-ea56-4406-8db9-0118d23c490b__0cc54997-16b1-41ec-9e22-e9618a890158.rna_seq.augmented_star_gene_counts.tsv,8fae59bb-c8bd-4125-8c8e-7908eebb5609__ed60b91e-dc3d-4d44-a028-f3b984c5338a.rna_seq.augmented_star_gene_counts.tsv,0,10,11,11,46.52173688921984,46.52173688921984,0.0
1.5,TCGA-HNSC,TCGA-HNSC__TCGA-CV-6938,3b566d79-cc7f-4bfc-a18d-c3598f87035a__d3feaf5b-68fd-4df3-a30f-af8fcd5a5ed8.rna_seq.augmented_star_gene_counts.tsv,0486cbe7-ea63-4a75-8bad-7e95993b34ce__bf95f48b-ab11-4950-9bbe-8f4e7445dca1.rna_seq.augmented_star_gene_counts.tsv,1,10,11,11,46.52173688921984,46.52173688921984,0.0
1.5,TCGA-KIRC,TCGA-KIRC__TCGA-A3-3358,ca47a7ca-d9aa-4140-a74b-4a1c75fe9ad9__bb71d96c-d14e-4e9c-be07-17534f4b541b.rna_seq.augmented_star_gene_counts.tsv,7af3ee8b-cb9e-47b9-9ddb-16006b20cb17__ac870378-2167-47c8-b906-fb18c59e1bcb.rna_seq.augmented_star_gene_counts.tsv,3,10,11,9,46.52173688921984,46.646574001133615,0.12483711191377722
1.5,TCGA-KIRC,TCGA-KIRC__TCGA-A3-3387,02c1c266-473f-437d-b768-20f685349ecb__8a31c02d-a429-4d4e-a461-8024bea95b1a.rna_seq.augmented_star_gene_counts.tsv,c8c7259b-9f5e-4dfc-b915-d98b02eba28b__e895bcd8-5a29-4666-ab19-7e29840375cc.rna_seq.augmented_star_gene_counts.tsv,2,10,11,10,46.52173688921984,45.66481856803438,-0.8569183211854607
1.5,TCGA-KIRC,TCGA-KIRC__TCGA-B0-4700,6ec7b719-0f95-4108-8e26-a7049e29d495__ae21852f-75e2-4333-a624-0875028252d3.rna_seq.augmented_star_gene_counts.tsv,f34985d8-172b-4fae-8d06-989e7dc4dc06__a5a4db2a-7906-4519-9223-0f47cd377fb5.rna_seq.augmented_star_gene_counts.tsv,2,10,11,10,46.52173688921984,45.66481856803438,-0.8569183211854607
1.5,TCGA-KIRC,TCGA-KIRC__TCGA-B0-4712,0498e4e5-f3cc-4fa5-9686-099ab9e435f4__59fe9111-5941-4230-9795-7df8064015a5.rna_seq.augmented_star_gene_counts.tsv,7f16d20f-07e2-4901-ae00-4da70125e8a3__0cf6e899-af6e-44ac-a6c7-5f3fa68ea255.rna_seq.augmented_star_gene_counts.tsv,2,10,11,10,46.52173688921984,45.66481856803438,-0.8569183211854607
1.5,TCGA-KIRC,TCGA-KIRC__TCGA-B0-5402,bf080139-5562-4d85-8a56-19bc15e80357__01b48ab6-4c3b-4b40-89a6-55d64017770d.rna_seq.augmented_star_gene_counts.tsv,7b3da303-63a6-4bd7-ab94-cf6e38dfe1e0__311272c7-bfd6-470e-a108-854c7f30576f.rna_seq.augmented_star_gene_counts.tsv,2,10,11,10,46.52173688921984,45.66481856803438,-0.8569183211854607
1.5,TCGA-KIRP,TCGA-KIRP__TCGA-A4-A4ZT,febc3e29-383d-43a3-bdc9-68998d0d05e5__7133a006-a002-4748-b59f-b531878ab4b5.rna_seq.augmented_star_gene_counts.tsv,e0c1cdbb-08ef-449a-8d50-22ab8ca51cb9__b3728f8d-45b0-4fe5-b165-1ec1ec75bde4.rna_seq.augmented_star_gene_counts.tsv,1,10,11,11,46.52173688921984,46.52173688921984,0.0
1.5,TCGA-KIRP,TCGA-KIRP__TCGA-A4-A57E,848d6433-ea39-458a-ad29-748a43fc066e__25d83a91-28f9-4389-96e5-2c21b09dadc8.rna_seq.augmented_star_gene_counts.tsv,708b9e5c-d93e-4c53-9f9f-b3ce7f414416__d7d45828-39f6-46f8-8e54-0848e3725aca.rna_seq.augmented_star_gene_counts.tsv,4,10,11,6,46.52173688921984,42.603311851265076,-3.918425037954762
1.5,TCGA-KIRP,TCGA-KIRP__TCGA-B9-4115,1b20bd1e-95de-4a14-9245-e92523e1f307__8c2873db-5e99-4c10-81f9-3100d95aeff9.rna_seq.augmented_star_gene_counts.tsv,5669db25-1d5f-49ea-98f2-80da6c6d1205__a4ac4fe0-886f-4bed-a2dd-a118a7303b9c.rna_seq.augmented_star_gene_counts.tsv,1,10,11,11,46.52173688921984,46.52173688921984,0.0
1.5,TCGA-KIRP,TCGA-KIRP__TCGA-BQ-5875,d1428071-d98b-46f7-a950-971c6d8b0850__0b2419f2-dfd1-40f3-ab3b-e9bcdc1cc23d.rna_seq.augmented_star_gene_counts.tsv,5f546050-bd02-4240-a036-8a8cd5b93bbf__45757ee8-9ee6-4b06-96b3-92c4ed342025.rna_seq.augmented_star_gene_counts.tsv,1,10,11,11,46.52173688921984,46.52173688921984,0.0
1.5,TCGA-KIRP,TCGA-KIRP__TCGA-BQ-5877,091d9ed1-6127-4b37-b2d5-a463b28e2e9e__c8d14d90-63a8-4576-ae80-ef8582792d16.rna_seq.augmented_star_gene_counts.tsv,dcb89df3-3699-45fb-a636-9bff204ff377__e47989a4-a2f7-46b7-9244-c91e0ae0ee0f.rna_seq.augmented_star_gene_counts.tsv,2,10,11,10,46.52173688921984,45.66481856803438,-0.8569183211854607
1.5,TCGA-LIHC,TCGA-LIHC__TCGA-BC-A10Q,6e812349-35e7-44e7-ac7c-a4bc19d81fd0__14fc153e-3cb3-4d3f-8259-b73a436f3d0b.rna_seq.augmented_star_gene_counts.tsv,df736f4c-b9d6-4805-bd7d-7bc6d92174d7__e576f331-424e-43f0-af27-20e07d91c826.rna_seq.augmented_star_gene_counts.tsv,3,10,11,7,46.52173688921984,43.6851630779403,-2.8365738112795356
1.5,TCGA-LIHC,TCGA-LIHC__TCGA-BC-A10R,d139256a-c9e8-417b-90af-c466a58d459d__c0b92413-c9f7-4a67-9ca7-cb065ac9c407.rna_seq.augmented_star_gene_counts.tsv,d80985cc-be01-452c-931c-65fccbe783d9__01a67ac4-91db-4a3d-9137-fe2240acc861.rna_seq.augmented_star_gene_counts.tsv,2,10,11,10,46.52173688921984,44.61598108086224,-1.905755808357597
1.5,TCGA-LIHC,TCGA-LIHC__TCGA-BC-A10T,0dbea4cc-32b6-42af-b4f0-fa0a67b05a7f__ebbdae1d-a199-4577-a73a-77e9c6a55a92.rna_seq.augmented_star_gene_counts.tsv,35c358f0-4afc-4bd3-a0f4-2741134d6f35__533c5b0b-6eda-46c5-9cf0-8c6decb728c9.rna_seq.augmented_star_gene_counts.tsv,2,10,11,8,46.52173688921984,43.30347463359429,-3.2182622556255467
1.5,TCGA-LIHC,TCGA-LIHC__TCGA-BC-A10U,1080a7ed-8a78-43fc-a962-35127d9db655__8f7a6ea3-dbbe-4b88-bb00-718a9ce7411d.rna_seq.augmented_star_gene_counts.tsv,bca5a800-5af4-437d-9ce4-7571fb046ba5__ae0c04e0-d029-4432-bcd9-96c3c5d5dcd3.rna_seq.augmented_star_gene_counts.tsv,6,10,11,5,46.52173688921984,36.84588343379234,-9.6758534554275
1.5,TCGA-LIHC,TCGA-LIHC__TCGA-BC-A10W,66cf470a-ec42-4f85-b4b2-bf7e8055a55b__9b5248e9-4b02-4ffc-a3e2-242616d08ed2.rna_seq.augmented_star_gene_counts.tsv,f031e82a-99ac-46fc-abeb-7ad9bd535812__71709b9d-4bb5-443c-89a6-863ddeea86ad.rna_seq.augmented_star_gene_counts.tsv,6,10,11,4,46.52173688921984,32.33552883721005,-14.186208052009789
1.5,TCGA-LUAD,TCGA-LUAD__TCGA-38-4625,661b6fed-d56a-452b-adaa-4b48ee9f4dbb__bc46dd0e-3136-4d9b-8fc3-dee56d6e39cf.rna_seq.augmented_star_gene_counts.tsv,242a2880-95da-453f-892d-fafd49a4865e__9301f86d-9d6f-4aa6-a640-a543b5aea5db.rna_seq.augmented_star_gene_counts.tsv,3,10,11,9,46.52173688921984,44.2400868052187,-2.281650084001136
1.5,TCGA-LUAD,TCGA-LUAD__TCGA-38-4626,e6e83fd4-2f80-44e1-8dce-588a37308dbb__f4a76e18-60fa-4ef2-91ef-e2d7a1d11c8d.rna_seq.augmented_star_gene_counts.tsv,d1a18468-9c02-4d61-8e3e-43a6d23d402e__9bfd464b-419a-43c0-929a-c1d219713a6f.rna_seq.augmented_star_gene_counts.tsv,1,10,11,11,46.52173688921984,46.52173688921984,0.0
1.5,TCGA-LUAD,TCGA-LUAD__TCGA-38-4627,5a37129a-9672-4fda-8576-e7de1db7b2c2__be000bb2-fe39-4153-b000-df89033d412a.rna_seq.augmented_star_gene_counts.tsv,08971a88-cb64-4030-93e5-08d77d2ed654__978fb63c-dae9-4037-81c9-598e87341931.rna_seq.augmented_star_gene_counts.tsv,1,10,11,11,46.52173688921984,46.52173688921984,0.0
1.5,TCGA-LUAD,TCGA-LUAD__TCGA-38-4632,54a00dd0-503f-471f-88e4-8d6fcdcf8483__1b22e14e-321b-4609-9aa2-9df6285ca948.rna_seq.augmented_star_gene_counts.tsv,665a7af8-9c2d-4a31-9a22-da89fc7107b2__6f53a60f-3be2-48df-a15a-4675e99efba1.rna_seq.augmented_star_gene_counts.tsv,1,10,11,10,46.52173688921984,44.61598108086224,-1.905755808357597
1.5,TCGA-LUAD,TCGA-LUAD__TCGA-44-2655,d4778869-f3f2-481b-ab02-65a654128766__11d52676-7017-48b4-872a-cefb91b8651c.rna_seq.augmented_star_gene_counts.tsv,eac5ebd0-d788-4908-8eb7-976d6b611667__b8e8f06f-a5a9-4d16-b39f-585dcee31087.rna_seq.augmented_star_gene_counts.tsv,1,10,11,11,46.52173688921984,46.52173688921984,0.0
1.5,TCGA-LUSC,TCGA-LUSC__TCGA-22-4593,b43ead60-cb91-489a-88f1-169086a28ed9__f192623a-b1f4-4238-b720-a5c62bab30ab.rna_seq.augmented_star_gene_counts.tsv,02cea26c-3987-41a8-b040-d6a72fc7a220__1ca4850a-5354-47ac-8f9b-a7b774c96217.rna_seq.augmented_star_gene_counts.tsv,1,10,11,10,46.52173688921984,45.66481856803438,-0.8569183211854607
1.5,TCGA-LUSC,TCGA-LUSC__TCGA-22-4609,17d01bba-1ae8-4205-ae80-2db88489fa84__1391394a-a310-49a6-8c2c-401fb358ea59.rna_seq.augmented_star_gene_counts.tsv,7d1231c0-6ff0-4ef0-98a3-3b77ed9298bc__eb23a0d5-3a04-4cc8-aca2-448e72a8360a.rna_seq.augmented_star_gene_counts.tsv,0,10,11,11,46.52173688921984,46.52173688921984,0.0
1.5,TCGA-LUSC,TCGA-LUSC__TCGA-22-5471,afcab3fd-65b3-463a-86c7-ca84d580db00__0aa2c4f2-1b47-4ecb-9923-7e79471db6bb.rna_seq.augmented_star_gene_counts.tsv,7a9de79e-7eaf-41f3-b7fd-bd59cbf64443__c3f12570-a4ac-4222-9cba-e768ad282eaa.rna_seq.augmented_star_gene_counts.tsv,0,10,11,11,46.52173688921984,46.52173688921984,0.0
1.5,TCGA-LUSC,TCGA-LUSC__TCGA-22-5472,fc8ef0dc-9a48-4eba-aeb6-9eec106739ca__32c76d04-75c3-42ae-81bc-580a52dc936a.rna_seq.augmented_star_gene_counts.tsv,c10c6664-2b6f-4486-ae42-d754656c2538__3b9e1cd6-7b59-4a05-a896-9789b317741c.rna_seq.augmented_star_gene_counts.tsv,0,10,11,11,46.52173688921984,46.52173688921984,0.0
1.5,TCGA-LUSC,TCGA-LUSC__TCGA-22-5478,f822b8ac-5682-4ae1-8250-9f204fa540ea__2a966908-135d-4362-9590-46febb03b357.rna_seq.augmented_star_gene_counts.tsv,6896f254-0a80-40de-a674-02685d335151__b0a121e1-c084-43e0-89b6-0cf037d5aba1.rna_seq.augmented_star_gene_counts.tsv,0,10,11,11,46.52173688921984,46.52173688921984,0.0
1.5,TCGA-PRAD,TCGA-PRAD__TCGA-CH-5761,a149b835-a3bb-43d8-8b40-3a84bcf46e89__97a3dddc-9e26-4b4e-9eec-e881c3c15c5f.rna_seq.augmented_star_gene_counts.tsv,fded7159-92d4-4aaf-b06b-1169cabdc1fa__9493a088-7cc8-4d7f-ad8b-946b9b9c4a2b.rna_seq.augmented_star_gene_counts.tsv,3,10,11,8,46.52173688921984,42.778311246113105,-3.7434256431067325
1.5,TCGA-PRAD,TCGA-PRAD__TCGA-CH-5767,f33f57c5-fbb8-4d9c-8ae4-9800ef8b35f8__027797bd-4b87-414c-953e-7f3a23dbe16e.rna_seq.augmented_star_gene_counts.tsv,11ef7a70-afe8-4882-a705-20623aa0b3fb__3ca55cbb-f5ea-48b3-9f4e-86676042660c.rna_seq.augmented_star_gene_counts.tsv,1,10,11,11,46.52173688921984,46.52173688921984,0.0
1.5,TCGA-PRAD,TCGA-PRAD__TCGA-CH-5768,207a5cf3-061a-4766-b857-99b807de2649__7f718fea-427e-49d8-bf98-6b18439e093e.rna_seq.augmented_star_gene_counts.tsv,2e7811cc-8e4d-4aa3-b8f8-9eb3e7215d94__e2bdfe73-54cb-448c-8212-8918bba38e31.rna_seq.augmented_star_gene_counts.tsv,0,10,11,11,46.52173688921984,46.52173688921984,0.0
1.5,TCGA-PRAD,TCGA-PRAD__TCGA-CH-5769,a0911555-5095-463b-8d22-cb236576e6f6__ddc040fb-0f77-4683-8d72-e38208361e4e.rna_seq.augmented_star_gene_counts.tsv,70fb2f55-a31a-4074-b1fe-bf38968e8654__fd634fc1-ecd0-4e31-8410-64f0a26fb050.rna_seq.augmented_star_gene_counts.tsv,0,10,11,11,46.52173688921984,46.52173688921984,0.0
1.5,TCGA-PRAD,TCGA-PRAD__TCGA-EJ-7115,db540696-d1c7-4853-817b-8f7b0714aa5e__ae453e2d-6a82-49b7-87ef-5835389c70ff.rna_seq.augmented_star_gene_counts.tsv,aa444e19-18fb-40d7-b285-fedf296cfb44__23e41cd5-4268-4cae-8419-39c6f554587c.rna_seq.augmented_star_gene_counts.tsv,0,10,11,11,46.52173688921984,46.52173688921984,0.0
1.5,TCGA-THCA,TCGA-THCA__TCGA-BJ-A28R,217d7f0c-0608-4333-aa65-56044f893f07__5b95f998-93bc-4017-91d7-e71f3a92f0ac.rna_seq.augmented_star_gene_counts.tsv,601a81a1-c2dd-477a-8fc3-5f1ec6ad5b88__a0e3662a-571c-4e80-8126-b5c576374563.rna_seq.augmented_star_gene_counts.tsv,1,10,11,11,46.52173688921984,46.52173688921984,0.0
1.5,TCGA-THCA,TCGA-THCA__TCGA-BJ-A28W,1e89aa7b-a07a-4c7e-b353-4698df02953d__e505e775-0084-4acb-b7b1-1f719c0b2a1a.rna_seq.augmented_star_gene_counts.tsv,7f8b655a-383f-4f5c-9967-5cf288ccf234__d98fdc34-a8bc-4265-8934-bd3bc27b7113.rna_seq.augmented_star_gene_counts.tsv,5,10,11,5,46.52173688921984,38.1468526614706,-8.374884227749241
1.5,TCGA-THCA,TCGA-THCA__TCGA-BJ-A28X,584d4a8f-9893-46bb-9cc9-9fa6997390f5__7ac8fff8-0078-4e00-ac25-3145f416311e.rna_seq.augmented_star_gene_counts.tsv,bdfea0b3-b194-411d-8d0e-6b869aea5295__b9a9cf44-65fa-4379-9e6b-8e485e0e22e6.rna_seq.augmented_star_gene_counts.tsv,1,10,11,11,46.52173688921984,46.52173688921984,0.0
1.5,TCGA-THCA,TCGA-THCA__TCGA-BJ-A290,3b6600ec-5af2-4b99-90f0-d4931b38424c__bb0ac81a-5149-4492-849e-e55be1b7bcf7.rna_seq.augmented_star_gene_counts.tsv,a82e50a1-98bf-45af-963f-88e0f1a21817__4413cb28-32a4-4ae8-b4c5-6bfe3f19f869.rna_seq.augmented_star_gene_counts.tsv,1,10,11,11,46.52173688921984,46.52173688921984,0.0
1.5,TCGA-THCA,TCGA-THCA__TCGA-BJ-A2N7,33a3678a-2f80-4d0d-bfb2-4e081b6a637a__4e413b14-89b4-4a78-8a0d-6c50f073fb40.rna_seq.augmented_star_gene_counts.tsv,a3a9ac28-74b5-493c-8e75-e208ca5a151a__eeb17a33-205e-4c59-a63e-4173517e1df4.rna_seq.augmented_star_gene_counts.tsv,0,10,11,11,46.52173688921984,46.52173688921984,0.0
