Gate,Criterion,Threshold,Observed,Pass,Notes
A,Null efficiency directionality,mean(z) ≥ 0.50,0.723 (median 0.527),True,n=231; z>0=0.662; p≤0.05=0.212
A,Null efficiency prevalence,Pr(z>0) ≥ 0.60,0.662,True,
A,Null efficiency significance rate,Pr(p≤0.05) ≥ 0.15,0.212,True,Per-network one-sided empirical p-value against degree-preserved null.
A,Seed robustness (z ranks + mean),"Spearman(z) ≥ 0.90, |Δmean(z)| ≤ 0.10, sign≥0.90",n=30; Spearman=0.972; Δmean(z)=0.076; sign=0.933,True,"Recomputed on fixed subset (first 30 eligible networks) with seed_base=42 vs 314159, n_random=50."
B,Independent cohort replication,≥1 independent cohort with ≥100 networks passing size filters,N/A (not implemented in this checkout),False,Independence requires non-overlapping acquisition/curation pipeline; criteria evaluated with the same Gate A contract.
B,Sensitivity analysis suite,≥3 perturbation axes reported; Gate A remains PASS in ≥2/3,N/A (not implemented in this checkout),False,"Perturbation axes are pre-registered (null size, swap budget, ordering); failures must be explained or trigger Gate A rework."
C,DepMap external anchor,"n≥50, |r|≥0.30, p≤0.01","n=10, r=0.406, p=0.245",False,Current checkout uses 10-node EGFR scaffold; treated as pilot only.
C,Essentiality incremental value,ΔAUC(ΔD−Degree) ≥ 0.05 with 95% CI > 0,"ΔAUC=0.035 (95% CI [-0.136,0.204]); AUCΔD=0.547 [0.442,0.645] vs AUCdeg=0.512 [0.377,0.649]",False,Bootstrap resampling over genes (n=642; seed=42; n_boot=20000).
C,Paired tumor/normal corruption,"mean(ΔD^(v2)) ≤ -1.0 bits, p≤1e-06, |d|≥0.5",mean=-2.534 bits; d=-0.909; p=5.26e-15 (n=100),True,Current cohort is synthetic in this checkout; numerical signal is not treated as Gate C pass.
